BOARDID;SECID;TRADEDATE;SHORTNAME;NAME;CLOSE;OPEN;HIGH;LOW;VALUE;DURATION;YIELD;DECIMALS;CAPITALIZATION;CURRENCYID;DIVISOR;TRADINGSESSION;VOLUME;TRADE_SESSION_DATE;RECALC_DATE
SNDX;IMOEX;10.01.2022;Индекс МосБиржи;Индекс МосБиржи;3738,68;3798,43;3806,84;3726,73;85302196824;0;0;2;1,84872E+13;RUB;4944847155;3;;10.01.2022;
SNDX;IMOEX;11.01.2022;Индекс МосБиржи;Индекс МосБиржи;3785,29;3764,56;3800,91;3751,45;81053376710;0;0;2;1,87177E+13;RUB;4944847155;3;;11.01.2022;
SNDX;IMOEX;12.01.2022;Индекс МосБиржи;Индекс МосБиржи;3829,95;3797,31;3841,72;3783,92;1,00865E+11;0;0;2;1,89385E+13;RUB;4944847155;3;;12.01.2022;
SNDX;IMOEX;13.01.2022;Индекс МосБиржи;Индекс МосБиржи;3674,73;3814,98;3818,97;3664,48;1,78771E+11;0;0;2;1,8171E+13;RUB;4944847155;3;;13.01.2022;
SNDX;IMOEX;14.01.2022;Индекс МосБиржи;Индекс МосБиржи;3596,98;3703,9;3723,62;3512,03;2,53411E+11;0;0;2;1,77865E+13;RUB;4944847155;3;;14.01.2022;
SNDX;IMOEX;17.01.2022;Индекс МосБиржи;Индекс МосБиржи;3560,35;3633,01;3651,36;3501,94;1,56354E+11;0;0;2;1,76054E+13;RUB;4944847155;3;;17.01.2022;
SNDX;IMOEX;18.01.2022;Индекс МосБиржи;Индекс МосБиржи;3328,94;3527,77;3534,56;3297,12;3,02734E+11;0;0;2;1,64611E+13;RUB;4944847155;3;;18.01.2022;
SNDX;IMOEX;19.01.2022;Индекс МосБиржи;Индекс МосБиржи;3436,82;3290,31;3500,27;3256,6;2,57223E+11;0;0;2;1,69945E+13;RUB;4944847155;3;;19.01.2022;
SNDX;IMOEX;20.01.2022;Индекс МосБиржи;Индекс МосБиржи;3516,02;3519,02;3533,61;3403,74;1,91687E+11;0;0;2;1,73862E+13;RUB;4944847155;3;;20.01.2022;
SNDX;IMOEX;21.01.2022;Индекс МосБиржи;Индекс МосБиржи;3439,25;3420,12;3503,84;3407,27;1,80588E+11;0;0;2;1,70066E+13;RUB;4944847155;3;;21.01.2022;
SNDX;IMOEX;24.01.2022;Индекс МосБиржи;Индекс МосБиржи;3235,28;3426,19;3426,47;3158,46;2,6289E+11;0;0;2;1,5998E+13;RUB;4944847155;3;;24.01.2022;
SNDX;IMOEX;25.01.2022;Индекс МосБиржи;Индекс МосБиржи;3258,74;3316,98;3330,9;3229,45;1,57537E+11;0;0;2;1,6114E+13;RUB;4944847155;3;;25.01.2022;
SNDX;IMOEX;26.01.2022;Индекс МосБиржи;Индекс МосБиржи;3357,66;3341,71;3412,15;3276,06;1,60814E+11;0;0;2;1,66031E+13;RUB;4944847155;3;;26.01.2022;
SNDX;IMOEX;27.01.2022;Индекс МосБиржи;Индекс МосБиржи;3455,93;3296,47;3525,94;3284,49;2,37137E+11;0;0;2;1,7089E+13;RUB;4944847155;3;;27.01.2022;
SNDX;IMOEX;28.01.2022;Индекс МосБиржи;Индекс МосБиржи;3488,6;3508,57;3534,4;3446,01;1,43425E+11;0;0;2;1,72506E+13;RUB;4944847155;3;;28.01.2022;
SNDX;IMOEX;31.01.2022;Индекс МосБиржи;Индекс МосБиржи;3530,38;3524,11;3566,05;3518,55;1,17693E+11;0;0;2;1,74572E+13;RUB;4944847155;3;;31.01.2022;
SNDX;IMOEX;01.02.2022;Индекс МосБиржи;Индекс МосБиржи;3548,17;3564,55;3584,71;3531,35;1,10134E+11;0;0;2;1,75452E+13;RUB;4944847155;3;;01.02.2022;
SNDX;IMOEX;02.02.2022;Индекс МосБиржи;Индекс МосБиржи;3543,8;3574,87;3580,22;3516,17;1,10896E+11;0;0;2;1,75236E+13;RUB;4944847155;3;;02.02.2022;
SNDX;IMOEX;03.02.2022;Индекс МосБиржи;Индекс МосБиржи;3471,18;3498,76;3519,23;3446,65;1,02907E+11;0;0;2;1,71645E+13;RUB;4944847155;3;;03.02.2022;
SNDX;IMOEX;04.02.2022;Индекс МосБиржи;Индекс МосБиржи;3471,01;3499,32;3556,32;3464,14;1,24983E+11;0;0;2;1,71636E+13;RUB;4944847155;3;;04.02.2022;
SNDX;IMOEX;07.02.2022;Индекс МосБиржи;Индекс МосБиржи;3470,78;3511,39;3521,26;3437,93;74559343724;0;0;2;1,71625E+13;RUB;4944847155;3;;07.02.2022;
SNDX;IMOEX;08.02.2022;Индекс МосБиржи;Индекс МосБиржи;3551,65;3497,18;3551,65;3487,64;1,21465E+11;0;0;2;1,75624E+13;RUB;4944847155;3;;08.02.2022;
SNDX;IMOEX;09.02.2022;Индекс МосБиржи;Индекс МосБиржи;3638,93;3593;3638,93;3580,45;1,37283E+11;0;0;2;1,7994E+13;RUB;4944847155;3;;09.02.2022;
SNDX;IMOEX;10.02.2022;Индекс МосБиржи;Индекс МосБиржи;3655,76;3628,51;3655,76;3592,75;1,36808E+11;0;0;2;1,80772E+13;RUB;4944847155;3;;10.02.2022;
SNDX;IMOEX;11.02.2022;Индекс МосБиржи;Индекс МосБиржи;3546,62;3579,69;3596,74;3514,12;1,36512E+11;0;0;2;1,75375E+13;RUB;4944847155;3;;11.02.2022;
SNDX;IMOEX;14.02.2022;Индекс МосБиржи;Индекс МосБиржи;3481,38;3442,82;3524,87;3404,35;1,88829E+11;0;0;2;1,72149E+13;RUB;4944847155;3;;14.02.2022;
SNDX;IMOEX;15.02.2022;Индекс МосБиржи;Индекс МосБиржи;3600,29;3532;3614,15;3514,98;1,85245E+11;0;0;2;1,78029E+13;RUB;4944847155;3;;15.02.2022;
SNDX;IMOEX;16.02.2022;Индекс МосБиржи;Индекс МосБиржи;3646,41;3682,94;3683,95;3608,01;1,41371E+11;0;0;2;1,80309E+13;RUB;4944847155;3;;16.02.2022;
SNDX;IMOEX;17.02.2022;Индекс МосБиржи;Индекс МосБиржи;3511,08;3588,27;3595,12;3498,2;1,66699E+11;0;0;2;1,73618E+13;RUB;4944847155;3;;17.02.2022;
SNDX;IMOEX;18.02.2022;Индекс МосБиржи;Индекс МосБиржи;3393,31;3547,04;3565,52;3371,05;1,767E+11;0;0;2;1,67794E+13;RUB;4944847155;3;;18.02.2022;
SNDX;IMOEX;21.02.2022;Индекс МосБиржи;Индекс МосБиржи;3036,88;3458,73;3460,42;2910,49;4,69405E+11;0;0;2;1,50169E+13;RUB;4944847155;3;;21.02.2022;
SNDX;IMOEX;22.02.2022;Индекс МосБиржи;Индекс МосБиржи;3084,74;2909,4;3113,4;2756,46;4,30551E+11;0;0;2;1,52536E+13;RUB;4944847155;3;;22.02.2022;
SNDX;IMOEX;24.02.2022;Индекс МосБиржи;Индекс МосБиржи;2058,12;2735,88;2740,31;1681,55;2,46453E+11;0;0;2;1,01771E+13;RUB;4944847155;3;;24.02.2022;
SNDX;IMOEX;25.02.2022;Индекс МосБиржи;Индекс МосБиржи;2470,48;2261,33;2552,46;2256,09;1,89354E+11;0;0;2;1,22162E+13;RUB;4944847155;3;;25.02.2022;
SNDX;IMOEX;24.03.2022;Индекс МосБиржи;Индекс МосБиржи;2578,51;2474,52;2761,17;2447,68;1,00222E+11;0;0;2;1,27503E+13;RUB;4944847155;3;;24.03.2022;
SNDX;IMOEX;25.03.2022;Индекс МосБиржи;Индекс МосБиржи;2484,13;2620,62;2664,74;2470,69;49167284761;0;0;2;1,22836E+13;RUB;4944847155;3;;25.03.2022;
SNDX;IMOEX;28.03.2022;Индекс МосБиржи;Индекс МосБиржи;2430,7;2479,49;2484,57;2407,2;25937057003;0;0;2;1,20195E+13;RUB;4944847155;3;;28.03.2022;
SNDX;IMOEX;29.03.2022;Индекс МосБиржи;Индекс МосБиржи;2408,49;2442,43;2538,2;2363,62;59068848969;0;0;2;1,19096E+13;RUB;4944847155;3;;29.03.2022;
SNDX;IMOEX;30.03.2022;Индекс МосБиржи;Индекс МосБиржи;2513,03;2437,92;2513,03;2437,92;39721405988;0;0;2;1,24266E+13;RUB;4944847155;3;;30.03.2022;
SNDX;IMOEX;31.03.2022;Индекс МосБиржи;Индекс МосБиржи;2703,51;2535,32;2703,51;2533,39;80017047215;0;0;2;1,33684E+13;RUB;4944847155;3;;31.03.2022;
SNDX;IMOEX;01.04.2022;Индекс МосБиржи;Индекс МосБиржи;2759,64;2714,62;2817,72;2714,62;77972322863;0;0;2;1,3646E+13;RUB;4944847155;3;;01.04.2022;
SNDX;IMOEX;04.04.2022;Индекс МосБиржи;Индекс МосБиржи;2787,69;2775,06;2835,46;2682,34;67754307203;0;0;2;1,37847E+13;RUB;4944847155;3;;04.04.2022;
SNDX;IMOEX;05.04.2022;Индекс МосБиржи;Индекс МосБиржи;2662,79;2796,56;2808,27;2576,34;68532631919;0;0;2;1,31671E+13;RUB;4944847155;3;;05.04.2022;
SNDX;IMOEX;06.04.2022;Индекс МосБиржи;Индекс МосБиржи;2611,43;2641,79;2696,97;2594,95;45527445852;0;0;2;1,29131E+13;RUB;4944847155;3;;06.04.2022;
SNDX;IMOEX;07.04.2022;Индекс МосБиржи;Индекс МосБиржи;2635,39;2618,26;2653,85;2618,26;33674118545;0;0;2;1,30316E+13;RUB;4944847155;3;;07.04.2022;
SNDX;IMOEX;08.04.2022;Индекс МосБиржи;Индекс МосБиржи;2592,72;2649,16;2656,72;2554,72;30923457084;0;0;2;1,28206E+13;RUB;4944847155;3;;08.04.2022;
SNDX;IMOEX;11.04.2022;Индекс МосБиржи;Индекс МосБиржи;2557,16;2596,17;2623,64;2557,16;26788780551;0;0;2;1,26448E+13;RUB;4944847155;3;;11.04.2022;
SNDX;IMOEX;12.04.2022;Индекс МосБиржи;Индекс МосБиржи;2540,99;2559,22;2570,78;2472,28;33176929302;0;0;2;1,25648E+13;RUB;4944847155;3;;12.04.2022;
SNDX;IMOEX;13.04.2022;Индекс МосБиржи;Индекс МосБиржи;2528,42;2546,64;2558,86;2517,44;19008934214;0;0;2;1,25027E+13;RUB;4944847155;3;;13.04.2022;
SNDX;IMOEX;14.04.2022;Индекс МосБиржи;Индекс МосБиржи;2404,73;2530,9;2533,77;2403,86;24317562707;0;0;2;1,1891E+13;RUB;4944847155;3;;14.04.2022;
SNDX;IMOEX;15.04.2022;Индекс МосБиржи;Индекс МосБиржи;2424,99;2403,16;2431,91;2353,13;24555619330;0;0;2;1,19912E+13;RUB;4944847155;3;;15.04.2022;
SNDX;IMOEX;18.04.2022;Индекс МосБиржи;Индекс МосБиржи;2342,63;2430,91;2447,58;2338,36;23242744264;0;0;2;1,15839E+13;RUB;4944847155;3;;18.04.2022;
SNDX;IMOEX;19.04.2022;Индекс МосБиржи;Индекс МосБиржи;2317,46;2342,53;2344,37;2216,61;35589597026;0;0;2;1,14595E+13;RUB;4944847155;3;;19.04.2022;
SNDX;IMOEX;20.04.2022;Индекс МосБиржи;Индекс МосБиржи;2330,73;2326,03;2374,87;2271,72;34640809162;0;0;2;1,15251E+13;RUB;4944847155;3;;20.04.2022;
SNDX;IMOEX;21.04.2022;Индекс МосБиржи;Индекс МосБиржи;2271,05;2334,97;2341,21;2260,68;28368978165;0;0;2;1,123E+13;RUB;4944847155;3;;21.04.2022;
SNDX;IMOEX;22.04.2022;Индекс МосБиржи;Индекс МосБиржи;2232,23;2271,18;2290,04;2223,73;32280692498;0;0;2;1,1038E+13;RUB;4944847155;3;;22.04.2022;
SNDX;IMOEX;25.04.2022;Индекс МосБиржи;Индекс МосБиржи;2186,22;2236,32;2237,45;2168,18;22521850031;0;0;2;1,08105E+13;RUB;4944847155;3;;25.04.2022;
SNDX;IMOEX;26.04.2022;Индекс МосБиржи;Индекс МосБиржи;2318,46;2190,97;2347,92;2190,97;42976151804;0;0;2;1,14644E+13;RUB;4944847155;3;;26.04.2022;
SNDX;IMOEX;27.04.2022;Индекс МосБиржи;Индекс МосБиржи;2424,28;2326,27;2427,47;2305,47;48952158763;0;0;2;1,19877E+13;RUB;4944847155;3;;27.04.2022;
SNDX;IMOEX;28.04.2022;Индекс МосБиржи;Индекс МосБиржи;2383,66;2434,86;2505,94;2379,12;60911768322;0;0;2;1,17868E+13;RUB;4944847155;3;;28.04.2022;
SNDX;IMOEX;29.04.2022;Индекс МосБиржи;Индекс МосБиржи;2445,17;2390,83;2448,52;2390,83;41353794399;0;0;2;1,2091E+13;RUB;4944847155;3;;29.04.2022;
SNDX;IMOEX;04.05.2022;Индекс МосБиржи;Индекс МосБиржи;2373,16;2444,25;2464,6;2373,16;25945992882;0;0;2;1,17349E+13;RUB;4944847155;3;;04.05.2022;
SNDX;IMOEX;05.05.2022;Индекс МосБиржи;Индекс МосБиржи;2404,8;2379,04;2412,81;2379,04;17342318813;0;0;2;1,18914E+13;RUB;4944847155;3;;05.05.2022;
SNDX;IMOEX;06.05.2022;Индекс МосБиржи;Индекс МосБиржи;2393,03;2405,17;2406,78;2372,52;18005651255;0;0;2;1,18332E+13;RUB;4944847155;3;;06.05.2022;
SNDX;IMOEX;11.05.2022;Индекс МосБиржи;Индекс МосБиржи;2387,14;2391,91;2414,87;2367,48;18772686042;0;0;2;1,1804E+13;RUB;4944847155;3;;11.05.2022;
SNDX;IMOEX;12.05.2022;Индекс МосБиржи;Индекс МосБиржи;2297,89;2382,33;2386,16;2283,31;22770570604;0;0;2;1,13627E+13;RUB;4944847155;3;;12.05.2022;
SNDX;IMOEX;13.05.2022;Индекс МосБиржи;Индекс МосБиржи;2307,5;2309,98;2321,91;2283,1;15604714548;0;0;2;1,14102E+13;RUB;4944847155;3;;13.05.2022;
SNDX;IMOEX;16.05.2022;Индекс МосБиржи;Индекс МосБиржи;2364,6;2308,2;2379,35;2306,06;25869494280;0;0;2;1,16926E+13;RUB;4944847155;3;;16.05.2022;
SNDX;IMOEX;17.05.2022;Индекс МосБиржи;Индекс МосБиржи;2424,1;2378,08;2425,17;2371,93;35173701855;0;0;2;1,19868E+13;RUB;4944847155;3;;17.05.2022;
SNDX;IMOEX;18.05.2022;Индекс МосБиржи;Индекс МосБиржи;2445,3;2438;2490,17;2438;42157561625;0;0;2;1,20916E+13;RUB;4944847155;3;;18.05.2022;
SNDX;IMOEX;19.05.2022;Индекс МосБиржи;Индекс МосБиржи;2436,57;2454,36;2454,83;2414,63;23142918171;0;0;2;1,20484E+13;RUB;4944847155;3;;19.05.2022;
SNDX;IMOEX;20.05.2022;Индекс МосБиржи;Индекс МосБиржи;2373,26;2441,56;2451,02;2365,81;26154389699;0;0;2;1,17354E+13;RUB;4944847155;3;;20.05.2022;
SNDX;IMOEX;23.05.2022;Индекс МосБиржи;Индекс МосБиржи;2301,85;2379,66;2389,42;2300,77;25254453193;0;0;2;1,13823E+13;RUB;4944847155;3;;23.05.2022;
SNDX;IMOEX;24.05.2022;Индекс МосБиржи;Индекс МосБиржи;2293,62;2300,11;2317,92;2229,22;34493860693;0;0;2;1,13416E+13;RUB;4944847155;3;;24.05.2022;
SNDX;IMOEX;25.05.2022;Индекс МосБиржи;Индекс МосБиржи;2340,18;2300,15;2340,18;2291,13;28631752005;0;0;2;1,15718E+13;RUB;4944847155;3;;25.05.2022;
SNDX;IMOEX;26.05.2022;Индекс МосБиржи;Индекс МосБиржи;2413,06;2348,44;2415,03;2327,29;64356904664;0;0;2;1,19322E+13;RUB;4944847155;3;;26.05.2022;
SNDX;IMOEX;27.05.2022;Индекс МосБиржи;Индекс МосБиржи;2407,59;2424,7;2439,89;2399,92;34678510446;0;0;2;1,19052E+13;RUB;4944847155;3;;27.05.2022;
SNDX;IMOEX;30.05.2022;Индекс МосБиржи;Индекс МосБиржи;2400,39;2418,21;2433,04;2376,44;27385294017;0;0;2;1,18696E+13;RUB;4944847155;3;;30.05.2022;
SNDX;IMOEX;31.05.2022;Индекс МосБиржи;Индекс МосБиржи;2355,75;2400,75;2400,75;2351,74;20607741319;0;0;2;1,16488E+13;RUB;4944847155;3;;31.05.2022;
SNDX;IMOEX;01.06.2022;Индекс МосБиржи;Индекс МосБиржи;2374,6;2349,84;2385,64;2338,9;23159339656;0;0;2;1,1742E+13;RUB;4944847155;3;;01.06.2022;
SNDX;IMOEX;02.06.2022;Индекс МосБиржи;Индекс МосБиржи;2340,17;2374,67;2382,23;2337,53;25936157831;0;0;2;1,15718E+13;RUB;4944847155;3;;02.06.2022;
SNDX;IMOEX;03.06.2022;Индекс МосБиржи;Индекс МосБиржи;2308,03;2341,55;2348,03;2286,82;36640803131;0;0;2;1,14129E+13;RUB;4944847155;3;;03.06.2022;
SNDX;IMOEX;06.06.2022;Индекс МосБиржи;Индекс МосБиржи;2282,16;2308,35;2321,75;2277,21;23466169599;0;0;2;1,12849E+13;RUB;4944847155;3;;06.06.2022;
SNDX;IMOEX;07.06.2022;Индекс МосБиржи;Индекс МосБиржи;2291,62;2281,3;2294,4;2239,72;24673602866;0;0;2;1,13317E+13;RUB;4944847155;3;;07.06.2022;
SNDX;IMOEX;08.06.2022;Индекс МосБиржи;Индекс МосБиржи;2318,85;2296,62;2342,69;2296,62;33948819399;0;0;2;1,14664E+13;RUB;4944847155;3;;08.06.2022;
SNDX;IMOEX;09.06.2022;Индекс МосБиржи;Индекс МосБиржи;2293,99;2321,57;2323,39;2275,22;24767087946;0;0;2;1,13434E+13;RUB;4944847155;3;;09.06.2022;
SNDX;IMOEX;10.06.2022;Индекс МосБиржи;Индекс МосБиржи;2285,52;2282,81;2296,1;2273,95;22155213876;0;0;2;1,13015E+13;RUB;4944847155;3;;10.06.2022;
SNDX;IMOEX;14.06.2022;Индекс МосБиржи;Индекс МосБиржи;2289,75;2280,02;2308,43;2261,26;30573074781;0;0;2;1,13225E+13;RUB;4944847155;3;;14.06.2022;
SNDX;IMOEX;15.06.2022;Индекс МосБиржи;Индекс МосБиржи;2318,96;2290,76;2320,4;2282,79;31609602712;0;0;2;1,14669E+13;RUB;4944847155;3;;15.06.2022;
SNDX;IMOEX;16.06.2022;Индекс МосБиржи;Индекс МосБиржи;2369,75;2321,52;2374,24;2317,87;35239559797;0;0;2;1,17181E+13;RUB;4944847155;3;;16.06.2022;
SNDX;IMOEX;17.06.2022;Индекс МосБиржи;Индекс МосБиржи;2353,98;2373,07;2382,49;2345,4;21840774909;0;0;2;1,12555E+13;RUB;4781494292;3;;17.06.2022;
SNDX;IMOEX;20.06.2022;Индекс МосБиржи;Индекс МосБиржи;2404,4;2358,26;2404,4;2357,33;34227692868;0;0;2;1,14966E+13;RUB;4781494292;3;;20.06.2022;
SNDX;IMOEX;21.06.2022;Индекс МосБиржи;Индекс МосБиржи;2358,81;2407,63;2415,59;2357,27;47531716832;0;0;2;1,12786E+13;RUB;4781494292;3;;21.06.2022;
SNDX;IMOEX;22.06.2022;Индекс МосБиржи;Индекс МосБиржи;2373,52;2348,04;2373,52;2320,87;43293077660;0;0;2;1,1349E+13;RUB;4781494292;3;;22.06.2022;
SNDX;IMOEX;23.06.2022;Индекс МосБиржи;Индекс МосБиржи;2404,54;2375,6;2404,54;2350,1;48779605044;0;0;2;1,14973E+13;RUB;4781494292;3;;23.06.2022;
SNDX;IMOEX;24.06.2022;Индекс МосБиржи;Индекс МосБиржи;2391,51;2405,31;2414,02;2372,05;32470388223;0;0;2;1,1435E+13;RUB;4781494292;3;;24.06.2022;
SNDX;IMOEX;27.06.2022;Индекс МосБиржи;Индекс МосБиржи;2417,06;2387,55;2417,06;2384,32;32260073730;0;0;2;1,15571E+13;RUB;4781494292;3;;27.06.2022;
SNDX;IMOEX;28.06.2022;Индекс МосБиржи;Индекс МосБиржи;2408,75;2419,15;2419,81;2392,26;43643513133;0;0;2;1,15174E+13;RUB;4781494292;3;;28.06.2022;
SNDX;IMOEX;29.06.2022;Индекс МосБиржи;Индекс МосБиржи;2378,55;2407,49;2407,49;2370,41;39630917157;0;0;2;1,1373E+13;RUB;4781494292;3;;29.06.2022;
SNDX;IMOEX;30.06.2022;Индекс МосБиржи;Индекс МосБиржи;2204,85;2380,03;2407,2;2184,71;1,12712E+11;0;0;2;1,05344E+13;RUB;4777848516;3;;30.06.2022;
SNDX;IMOEX;01.07.2022;Индекс МосБиржи;Индекс МосБиржи;2206,61;2197,9;2237,92;2165,13;51706511775;0;0;2;1,05428E+13;RUB;4777848516;3;;01.07.2022;
SNDX;IMOEX;04.07.2022;Индекс МосБиржи;Индекс МосБиржи;2204,66;2208,7;2240,83;2197,39;39025784885;0;0;2;1,05335E+13;RUB;4777848516;3;;04.07.2022;
SNDX;IMOEX;05.07.2022;Индекс МосБиржи;Индекс МосБиржи;2226,64;2214,39;2238,73;2187,57;46917603888;0;0;2;1,06385E+13;RUB;4777848516;3;;05.07.2022;
SNDX;IMOEX;06.07.2022;Индекс МосБиржи;Индекс МосБиржи;2221,88;2227,02;2273,24;2214,04;42030318167;0;0;2;1,06158E+13;RUB;4777848516;3;;06.07.2022;
SNDX;IMOEX;07.07.2022;Индекс МосБиржи;Индекс МосБиржи;2226,65;2221,02;2239,59;2206,16;29779918347;0;0;2;1,06386E+13;RUB;4777848516;3;;07.07.2022;
SNDX;IMOEX;08.07.2022;Индекс МосБиржи;Индекс МосБиржи;2222,51;2225,02;2234,55;2202,52;22404447211;0;0;2;1,06188E+13;RUB;4777848516;3;;08.07.2022;
SNDX;IMOEX;11.07.2022;Индекс МосБиржи;Индекс МосБиржи;2162,34;2213,55;2224,35;2156,36;30424271678;0;0;2;1,03313E+13;RUB;4777848516;3;;11.07.2022;
SNDX;IMOEX;12.07.2022;Индекс МосБиржи;Индекс МосБиржи;2133,77;2160,74;2160,74;2105,26;33458868466;0;0;2;1,01948E+13;RUB;4777848516;3;;12.07.2022;
SNDX;IMOEX;13.07.2022;Индекс МосБиржи;Индекс МосБиржи;2073,68;2138,14;2142,51;2064,58;28992855952;0;0;2;9,90774E+12;RUB;4777848516;3;;13.07.2022;
SNDX;IMOEX;14.07.2022;Индекс МосБиржи;Индекс МосБиржи;2063,3;2073,79;2105,61;2049,44;25927908702;0;0;2;9,85814E+12;RUB;4777848516;3;;14.07.2022;
SNDX;IMOEX;15.07.2022;Индекс МосБиржи;Индекс МосБиржи;2109,52;2069,02;2109,52;2056,82;24180602393;0;0;2;1,0079E+13;RUB;4777848516;3;;15.07.2022;
SNDX;IMOEX;18.07.2022;Индекс МосБиржи;Индекс МосБиржи;2096,42;2119,02;2127,96;2083,01;21323881777;0;0;2;1,00164E+13;RUB;4777848516;3;;18.07.2022;
SNDX;IMOEX;19.07.2022;Индекс МосБиржи;Индекс МосБиржи;2071,28;2089,28;2089,28;2047,33;23004610339;0;0;2;9,89627E+12;RUB;4777848516;3;;19.07.2022;
SNDX;IMOEX;20.07.2022;Индекс МосБиржи;Индекс МосБиржи;2075,24;2076,24;2098,92;2067,37;25182119102;0;0;2;9,9152E+12;RUB;4777848516;3;;20.07.2022;
SNDX;IMOEX;21.07.2022;Индекс МосБиржи;Индекс МосБиржи;2053,64;2075,99;2075,99;2022,16;27162716774;0;0;2;9,812E+12;RUB;4777848516;3;;21.07.2022;
SNDX;IMOEX;22.07.2022;Индекс МосБиржи;Индекс МосБиржи;2096,75;2056,16;2099,68;2053,2;24272476943;0;0;2;1,0018E+13;RUB;4777848516;3;;22.07.2022;
SNDX;IMOEX;25.07.2022;Индекс МосБиржи;Индекс МосБиржи;2128,96;2099,81;2132,75;2090,22;28351314131;0;0;2;1,01719E+13;RUB;4777848516;3;;25.07.2022;
SNDX;IMOEX;26.07.2022;Индекс МосБиржи;Индекс МосБиржи;2192,42;2135,89;2192,42;2135,89;35324587837;0;0;2;1,04751E+13;RUB;4777848516;3;;26.07.2022;
SNDX;IMOEX;27.07.2022;Индекс МосБиржи;Индекс МосБиржи;2196,22;2198,96;2220,82;2184,71;35568624254;0;0;2;1,04932E+13;RUB;4777848516;3;;27.07.2022;
SNDX;IMOEX;28.07.2022;Индекс МосБиржи;Индекс МосБиржи;2189,16;2204,01;2213,21;2169,21;27632179178;0;0;2;1,04595E+13;RUB;4777848516;3;;28.07.2022;
SNDX;IMOEX;29.07.2022;Индекс МосБиржи;Индекс МосБиржи;2213,81;2187,67;2213,81;2181,07;25886690603;0;0;2;1,05773E+13;RUB;4777848516;3;;29.07.2022;
SNDX;IMOEX;01.08.2022;Индекс МосБиржи;Индекс МосБиржи;2180,09;2213,75;2220,73;2178,98;34423779174;0;0;2;1,04161E+13;RUB;4777848516;3;;01.08.2022;
SNDX;IMOEX;02.08.2022;Индекс МосБиржи;Индекс МосБиржи;2137,3;2176,57;2178,81;2137,3;27914278332;0;0;2;1,02117E+13;RUB;4777848516;3;;02.08.2022;
SNDX;IMOEX;03.08.2022;Индекс МосБиржи;Индекс МосБиржи;2123,92;2138,76;2156,54;2123,92;26449883090;0;0;2;1,01478E+13;RUB;4777848516;3;;03.08.2022;
SNDX;IMOEX;04.08.2022;Индекс МосБиржи;Индекс МосБиржи;2116,58;2126,39;2137,83;2111,87;22594862838;0;0;2;1,01127E+13;RUB;4777848516;3;;04.08.2022;
SNDX;IMOEX;05.08.2022;Индекс МосБиржи;Индекс МосБиржи;2054,29;2120,13;2124,6;2052,08;36874314129;0;0;2;9,81508E+12;RUB;4777848516;3;;05.08.2022;
SNDX;IMOEX;08.08.2022;Индекс МосБиржи;Индекс МосБиржи;2088,4;2106,5;2119,41;2086,98;27924176472;0;0;2;9,97804E+12;RUB;4777848516;3;;08.08.2022;
SNDX;IMOEX;09.08.2022;Индекс МосБиржи;Индекс МосБиржи;2136,8;2090,37;2136,8;2071,72;26431314966;0;0;2;1,02093E+13;RUB;4777848516;3;;09.08.2022;
SNDX;IMOEX;10.08.2022;Индекс МосБиржи;Индекс МосБиржи;2151,5;2138,81;2158,87;2128,59;27194863629;0;0;2;1,02795E+13;RUB;4777848516;3;;10.08.2022;
SNDX;IMOEX;11.08.2022;Индекс МосБиржи;Индекс МосБиржи;2133,11;2157,17;2174,9;2128,38;29583573203;0;0;2;1,01917E+13;RUB;4777848516;3;;11.08.2022;
SNDX;IMOEX;12.08.2022;Индекс МосБиржи;Индекс МосБиржи;2147,33;2133,93;2150,9;2117,08;21718566669;0;0;2;1,02596E+13;RUB;4777848516;3;;12.08.2022;
SNDX;IMOEX;15.08.2022;Индекс МосБиржи;Индекс МосБиржи;2165,12;2147,76;2165,75;2139,45;22639885748;0;0;2;1,03446E+13;RUB;4777848516;3;;15.08.2022;
SNDX;IMOEX;16.08.2022;Индекс МосБиржи;Индекс МосБиржи;2208,33;2172,4;2208,33;2168,06;27547482468;0;0;2;1,05511E+13;RUB;4777848516;3;;16.08.2022;
SNDX;IMOEX;17.08.2022;Индекс МосБиржи;Индекс МосБиржи;2188,56;2213,43;2225,05;2186,86;28031808792;0;0;2;1,04566E+13;RUB;4777848516;3;;17.08.2022;
SNDX;IMOEX;18.08.2022;Индекс МосБиржи;Индекс МосБиржи;2194,31;2188,42;2197,92;2176,02;19293588498;0;0;2;1,04841E+13;RUB;4777848516;3;;18.08.2022;
SNDX;IMOEX;19.08.2022;Индекс МосБиржи;Индекс МосБиржи;2195,16;2199,6;2199,6;2179,56;19380590930;0;0;2;1,04881E+13;RUB;4777848516;3;;19.08.2022;
SNDX;IMOEX;22.08.2022;Индекс МосБиржи;Индекс МосБиржи;2228,11;2193,29;2231,22;2187,04;25478090147;0;0;2;1,06456E+13;RUB;4777848516;3;;22.08.2022;
SNDX;IMOEX;23.08.2022;Индекс МосБиржи;Индекс МосБиржи;2260,08;2230,74;2261,59;2230,74;34167923074;0;0;2;1,07983E+13;RUB;4777848516;3;;23.08.2022;
SNDX;IMOEX;24.08.2022;Индекс МосБиржи;Индекс МосБиржи;2248,22;2263,57;2273,65;2243,08;25211293918;0;0;2;1,07417E+13;RUB;4777848516;3;;24.08.2022;
SNDX;IMOEX;25.08.2022;Индекс МосБиржи;Индекс МосБиржи;2246,34;2249,39;2266,18;2234,87;24487294444;0;0;2;1,07327E+13;RUB;4777848516;3;;25.08.2022;
SNDX;IMOEX;26.08.2022;Индекс МосБиржи;Индекс МосБиржи;2268,89;2248,98;2268,89;2239,66;18051564449;0;0;2;1,08404E+13;RUB;4777848516;3;;26.08.2022;
SNDX;IMOEX;29.08.2022;Индекс МосБиржи;Индекс МосБиржи;2296,33;2267,43;2296,33;2263,99;26880489296;0;0;2;1,09715E+13;RUB;4777848516;3;;29.08.2022;
SNDX;IMOEX;30.08.2022;Индекс МосБиржи;Индекс МосБиржи;2306,62;2299,28;2314,53;2292,44;50550921071;0;0;2;1,10207E+13;RUB;4777848516;3;;30.08.2022;
SNDX;IMOEX;31.08.2022;Индекс МосБиржи;Индекс МосБиржи;2400,08;2377,02;2423,12;2368,42;1,02137E+11;0;0;2;1,14672E+13;RUB;4777848516;3;;31.08.2022;
SNDX;IMOEX;01.09.2022;Индекс МосБиржи;Индекс МосБиржи;2445,77;2401,98;2448,5;2380,01;56992336462;0;0;2;1,16855E+13;RUB;4777848516;3;;01.09.2022;
SNDX;IMOEX;02.09.2022;Индекс МосБиржи;Индекс МосБиржи;2471,45;2443,76;2474,71;2431,54;63579147654;0;0;2;1,18082E+13;RUB;4777848516;3;;02.09.2022;
SNDX;IMOEX;05.09.2022;Индекс МосБиржи;Индекс МосБиржи;2488,44;2472,1;2488,44;2440,88;45685735670;0;0;2;1,18894E+13;RUB;4777848516;3;;05.09.2022;
SNDX;IMOEX;06.09.2022;Индекс МосБиржи;Индекс МосБиржи;2425,33;2487,76;2492,15;2382,24;64403078065;0;0;2;1,15878E+13;RUB;4777848516;3;;06.09.2022;
SNDX;IMOEX;07.09.2022;Индекс МосБиржи;Индекс МосБиржи;2401,57;2422,88;2436,64;2394,56;39183921360;0;0;2;1,14743E+13;RUB;4777848516;3;;07.09.2022;
SNDX;IMOEX;08.09.2022;Индекс МосБиржи;Индекс МосБиржи;2390,27;2397,59;2407,39;2378,3;33722794765;0;0;2;1,14203E+13;RUB;4777848516;3;;08.09.2022;
SNDX;IMOEX;09.09.2022;Индекс МосБиржи;Индекс МосБиржи;2426,06;2391,69;2426,81;2391,69;30026659926;0;0;2;1,15914E+13;RUB;4777848516;3;;09.09.2022;
SNDX;IMOEX;12.09.2022;Индекс МосБиржи;Индекс МосБиржи;2449,65;2419,77;2465,22;2413,55;35740888613;0;0;2;1,17041E+13;RUB;4777848516;3;;12.09.2022;
SNDX;IMOEX;13.09.2022;Индекс МосБиржи;Индекс МосБиржи;2446,89;2459,75;2465,55;2438,8;28825213668;0;0;2;1,16909E+13;RUB;4777848516;3;;13.09.2022;
SNDX;IMOEX;14.09.2022;Индекс МосБиржи;Индекс МосБиржи;2435,89;2439,96;2439,96;2400,14;34390158478;0;0;2;1,16383E+13;RUB;4777848516;3;;14.09.2022;
SNDX;IMOEX;15.09.2022;Индекс МосБиржи;Индекс МосБиржи;2446,59;2434,79;2457,02;2418,3;35982254564;0;0;2;1,16894E+13;RUB;4777848516;3;;15.09.2022;
SNDX;IMOEX;16.09.2022;Индекс МосБиржи;Индекс МосБиржи;2435,18;2446,09;2469,02;2427,68;39556443400;0;0;2;1,20058E+13;RUB;4930146741;3;;16.09.2022;
SNDX;IMOEX;19.09.2022;Индекс МосБиржи;Индекс МосБиржи;2430,54;2436,48;2453,03;2427,19;26089124163;0;0;2;1,19829E+13;RUB;4930146741;3;;19.09.2022;
SNDX;IMOEX;20.09.2022;Индекс МосБиржи;Индекс МосБиржи;2215,67;2430,53;2436,3;2171,92;1,28648E+11;0;0;2;1,09236E+13;RUB;4930146741;3;;20.09.2022;
SNDX;IMOEX;21.09.2022;Индекс МосБиржи;Индекс МосБиржи;2130,71;2052,89;2186,43;2002,73;79143617866;0;0;2;1,05047E+13;RUB;4930146741;3;;21.09.2022;
SNDX;IMOEX;22.09.2022;Индекс МосБиржи;Индекс МосБиржи;2190,87;2138,39;2216,85;2138,39;69447770289;0;0;2;1,08013E+13;RUB;4930146741;3;;22.09.2022;
SNDX;IMOEX;23.09.2022;Индекс МосБиржи;Индекс МосБиржи;2089,87;2192,11;2192,68;2071,37;56633145265;0;0;2;1,03034E+13;RUB;4930146741;3;;23.09.2022;
SNDX;IMOEX;26.09.2022;Индекс МосБиржи;Индекс МосБиржи;1933,35;2054,56;2054,56;1841,42;85669841859;0;0;2;9,53172E+12;RUB;4930146741;3;;26.09.2022;
SNDX;IMOEX;27.09.2022;Индекс МосБиржи;Индекс МосБиржи;1953,46;1930,58;1975,32;1904,24;52656113620;0;0;2;9,63087E+12;RUB;4930146741;3;;27.09.2022;
SNDX;IMOEX;28.09.2022;Индекс МосБиржи;Индекс МосБиржи;1963,86;1978,89;2018,99;1948,25;49270453422;0;0;2;9,68211E+12;RUB;4930146741;3;;28.09.2022;
SNDX;IMOEX;29.09.2022;Индекс МосБиржи;Индекс МосБиржи;1953,77;1998,24;2005,8;1917,62;42281651651;0;0;2;9,63236E+12;RUB;4930146741;3;;29.09.2022;
SNDX;IMOEX;30.09.2022;Индекс МосБиржи;Индекс МосБиржи;1957,31;1977,75;2005,21;1872,95;1,00124E+11;0;0;2;9,64983E+12;RUB;4930146741;3;;30.09.2022;
SNDX;IMOEX;03.10.2022;Индекс МосБиржи;Индекс МосБиржи;2041,96;1991,88;2047,54;1972,43;44257545027;0;0;2;1,00672E+13;RUB;4930146741;3;;03.10.2022;
SNDX;IMOEX;04.10.2022;Индекс МосБиржи;Индекс МосБиржи;2046,42;2071,19;2079,67;2016,59;46366353261;0;0;2;1,00891E+13;RUB;4930146741;3;;04.10.2022;
SNDX;IMOEX;05.10.2022;Индекс МосБиржи;Индекс МосБиржи;2029,88;2041,5;2045,62;1971,91;53461971146;0;0;2;1,00076E+13;RUB;4930146741;3;;05.10.2022;
SNDX;IMOEX;06.10.2022;Индекс МосБиржи;Индекс МосБиржи;2020,63;2027,3;2053,86;2015,09;35091173555;0;0;2;9,962E+12;RUB;4930146741;3;;06.10.2022;
SNDX;IMOEX;07.10.2022;Индекс МосБиржи;Индекс МосБиржи;1944,75;2012,95;2012,95;1939,54;41355184463;0;0;2;9,58789E+12;RUB;4930146741;3;;07.10.2022;
SNDX;IMOEX;10.10.2022;Индекс МосБиржи;Индекс МосБиржи;1916,97;1783,66;1917,91;1775,04;56385754466;0;0;2;9,45093E+12;RUB;4930146741;3;;10.10.2022;
SNDX;IMOEX;11.10.2022;Индекс МосБиржи;Индекс МосБиржи;1949,46;1928,74;1952,8;1909,11;31814724761;0;0;2;9,61112E+12;RUB;4930146741;3;;11.10.2022;
SNDX;IMOEX;12.10.2022;Индекс МосБиржи;Индекс МосБиржи;1951,65;1965,39;1974,59;1937,93;27544147228;0;0;2;9,62191E+12;RUB;4930146741;3;;12.10.2022;
SNDX;IMOEX;13.10.2022;Индекс МосБиржи;Индекс МосБиржи;1955,2;1950,24;1975,84;1941,18;25239455241;0;0;2;9,63941E+12;RUB;4930146741;3;;13.10.2022;
SNDX;IMOEX;14.10.2022;Индекс МосБиржи;Индекс МосБиржи;1950,98;1963,38;1965,77;1933,29;23793882193;0;0;2;9,61861E+12;RUB;4930146741;3;;14.10.2022;
SNDX;IMOEX;17.10.2022;Индекс МосБиржи;Индекс МосБиржи;2012,85;1958,18;2013,61;1955,7;32246002625;0;0;2;9,92367E+12;RUB;4930146741;3;;17.10.2022;
SNDX;IMOEX;18.10.2022;Индекс МосБиржи;Индекс МосБиржи;2032,4;2031,56;2039,67;1999,38;33771126654;0;0;2;1,002E+13;RUB;4930146741;3;;18.10.2022;
SNDX;IMOEX;19.10.2022;Индекс МосБиржи;Индекс МосБиржи;1978,4;1986,67;2006,06;1953,74;35837150711;0;0;2;9,75382E+12;RUB;4930146741;3;;19.10.2022;
SNDX;IMOEX;20.10.2022;Индекс МосБиржи;Индекс МосБиржи;2025,51;1998,74;2032,58;1991,09;35871004460;0;0;2;9,98607E+12;RUB;4930146741;3;;20.10.2022;
SNDX;IMOEX;21.10.2022;Индекс МосБиржи;Индекс МосБиржи;2043,71;2026,44;2049;2000,68;35187924135;0;0;2;1,00758E+13;RUB;4930146741;3;;21.10.2022;
SNDX;IMOEX;24.10.2022;Индекс МосБиржи;Индекс МосБиржи;2063,95;2070,36;2088,31;2048,37;32652624967;0;0;2;1,01756E+13;RUB;4930146741;3;;24.10.2022;
SNDX;IMOEX;25.10.2022;Индекс МосБиржи;Индекс МосБиржи;2130,65;2066,28;2130,65;2058,09;42887815544;0;0;2;1,05044E+13;RUB;4930146741;3;;25.10.2022;
SNDX;IMOEX;26.10.2022;Индекс МосБиржи;Индекс МосБиржи;2120,58;2131,18;2144,56;2093,12;42015203007;0;0;2;1,04548E+13;RUB;4930146741;3;;26.10.2022;
SNDX;IMOEX;27.10.2022;Индекс МосБиржи;Индекс МосБиржи;2164,64;2133,81;2164,64;2123,57;41008408451;0;0;2;1,0672E+13;RUB;4930146741;3;;27.10.2022;
SNDX;IMOEX;28.10.2022;Индекс МосБиржи;Индекс МосБиржи;2167,7;2154,28;2171,88;2130,75;43444621093;0;0;2;1,06871E+13;RUB;4930146741;3;;28.10.2022;
SNDX;IMOEX;31.10.2022;Индекс МосБиржи;Индекс МосБиржи;2166,61;2173;2184,38;2155,75;31288260045;0;0;2;1,06817E+13;RUB;4930146741;3;;31.10.2022;
SNDX;IMOEX;01.11.2022;Индекс МосБиржи;Индекс МосБиржи;2174,35;2179,15;2185,6;2161,18;21732654118;0;0;2;1,07199E+13;RUB;4930146741;3;;01.11.2022;
SNDX;IMOEX;02.11.2022;Индекс МосБиржи;Индекс МосБиржи;2173,84;2178,25;2184,89;2160,56;22031567419;0;0;2;1,07173E+13;RUB;4930146741;3;;02.11.2022;
SNDX;IMOEX;03.11.2022;Индекс МосБиржи;Индекс МосБиржи;2155,92;2145,54;2156,78;2123,32;25792024221;0;0;2;1,0629E+13;RUB;4930146741;3;;03.11.2022;
SNDX;IMOEX;07.11.2022;Индекс МосБиржи;Индекс МосБиржи;2208,78;2176,33;2208,78;2172,34;41425843847;0;0;2;1,08896E+13;RUB;4930146741;3;;07.11.2022;
SNDX;IMOEX;08.11.2022;Индекс МосБиржи;Индекс МосБиржи;2207,2;2213,39;2221,13;2188,22;37767596384;0;0;2;1,08818E+13;RUB;4930146741;3;;08.11.2022;
SNDX;IMOEX;09.11.2022;Индекс МосБиржи;Индекс МосБиржи;2166,56;2201,06;2205,92;2166,42;32153634675;0;0;2;1,06814E+13;RUB;4930146741;3;;09.11.2022;
SNDX;IMOEX;10.11.2022;Индекс МосБиржи;Индекс МосБиржи;2210,02;2167,96;2211,21;2161,57;50837891634;0;0;2;1,08957E+13;RUB;4930146741;3;;10.11.2022;
SNDX;IMOEX;11.11.2022;Индекс МосБиржи;Индекс МосБиржи;2217,44;2221,68;2224,97;2204,33;35129623600;0;0;2;1,09323E+13;RUB;4930146741;3;;11.11.2022;
SNDX;IMOEX;14.11.2022;Индекс МосБиржи;Индекс МосБиржи;2244,77;2230,8;2245,9;2221,31;39642803676;0;0;2;1,1067E+13;RUB;4930146741;3;;14.11.2022;
SNDX;IMOEX;15.11.2022;Индекс МосБиржи;Индекс МосБиржи;2223,26;2249,22;2254,94;2211,19;36552526476;0;0;2;1,0961E+13;RUB;4930146741;3;;15.11.2022;
SNDX;IMOEX;16.11.2022;Индекс МосБиржи;Индекс МосБиржи;2227,19;2199,1;2232,83;2191,95;29153605996;0;0;2;1,09804E+13;RUB;4930146741;3;;16.11.2022;
SNDX;IMOEX;17.11.2022;Индекс МосБиржи;Индекс МосБиржи;2212,93;2227,54;2235,76;2200,11;24154127523;0;0;2;1,09101E+13;RUB;4930146741;3;;17.11.2022;
SNDX;IMOEX;18.11.2022;Индекс МосБиржи;Индекс МосБиржи;2206,32;2208,39;2211,7;2189,93;19150662558;0;0;2;1,08775E+13;RUB;4930146741;3;;18.11.2022;
SNDX;IMOEX;21.11.2022;Индекс МосБиржи;Индекс МосБиржи;2166,31;2204,9;2204,9;2161,35;28464891091;0;0;2;1,06802E+13;RUB;4930146741;3;;21.11.2022;
SNDX;IMOEX;22.11.2022;Индекс МосБиржи;Индекс МосБиржи;2196,04;2179,76;2200,06;2169,62;21690712689;0;0;2;1,08268E+13;RUB;4930146741;3;;22.11.2022;
SNDX;IMOEX;23.11.2022;Индекс МосБиржи;Индекс МосБиржи;2211,89;2196,24;2217,4;2180,64;32870895271;0;0;2;1,09049E+13;RUB;4930146741;3;;23.11.2022;
SNDX;IMOEX;24.11.2022;Индекс МосБиржи;Индекс МосБиржи;2210,95;2214,14;2225,92;2206,12;20472685548;0;0;2;1,09003E+13;RUB;4930146741;3;;24.11.2022;
SNDX;IMOEX;25.11.2022;Индекс МосБиржи;Индекс МосБиржи;2195,17;2209,31;2211,1;2190,67;18973705983;0;0;2;1,08225E+13;RUB;4930146741;3;;25.11.2022;
SNDX;IMOEX;28.11.2022;Индекс МосБиржи;Индекс МосБиржи;2177,45;2180,32;2182,16;2163,44;25255954654;0;0;2;1,07351E+13;RUB;4930146741;3;;28.11.2022;
SNDX;IMOEX;29.11.2022;Индекс МосБиржи;Индекс МосБиржи;2185,32;2180,65;2191,44;2178,34;21033978165;0;0;2;1,0774E+13;RUB;4930146741;3;;29.11.2022;
SNDX;IMOEX;30.11.2022;Индекс МосБиржи;Индекс МосБиржи;2174,53;2184,27;2184,27;2172,67;15628414954;0;0;2;1,07207E+13;RUB;4930146741;3;;30.11.2022;
SNDX;IMOEX;01.12.2022;Индекс МосБиржи;Индекс МосБиржи;2187,29;2189,65;2193,41;2183,57;20487790535;0;0;2;1,07837E+13;RUB;4930146741;3;;01.12.2022;
SNDX;IMOEX;02.12.2022;Индекс МосБиржи;Индекс МосБиржи;2180,44;2189,19;2189,35;2173,48;22206009037;0;0;2;1,07499E+13;RUB;4930146741;3;;02.12.2022;
SNDX;IMOEX;05.12.2022;Индекс МосБиржи;Индекс МосБиржи;2208,28;2179,79;2210,7;2174,17;36556414505;0;0;2;1,08871E+13;RUB;4930146741;3;;05.12.2022;
SNDX;IMOEX;06.12.2022;Индекс МосБиржи;Индекс МосБиржи;2196,24;2204,51;2208,36;2184,65;22011415280;0;0;2;1,08278E+13;RUB;4930146741;3;;06.12.2022;
SNDX;IMOEX;07.12.2022;Индекс МосБиржи;Индекс МосБиржи;2192,88;2185,01;2193,71;2166,77;27417051223;0;0;2;1,08112E+13;RUB;4930146741;3;;07.12.2022;
SNDX;IMOEX;08.12.2022;Индекс МосБиржи;Индекс МосБиржи;2184,43;2196,17;2197,77;2174,57;22523116710;0;0;2;1,07696E+13;RUB;4930146741;3;;08.12.2022;
SNDX;IMOEX;09.12.2022;Индекс МосБиржи;Индекс МосБиржи;2177,85;2178,93;2183,97;2169,04;16733074101;0;0;2;1,07371E+13;RUB;4930146741;3;;09.12.2022;
SNDX;IMOEX;12.12.2022;Индекс МосБиржи;Индекс МосБиржи;2173,16;2178,33;2185,49;2163,33;19308247875;0;0;2;1,0714E+13;RUB;4930146741;3;;12.12.2022;
SNDX;IMOEX;13.12.2022;Индекс МосБиржи;Индекс МосБиржи;2174,38;2175,29;2177,95;2154,52;24793682505;0;0;2;1,072E+13;RUB;4930146741;3;;13.12.2022;
SNDX;IMOEX;14.12.2022;Индекс МосБиржи;Индекс МосБиржи;2159,81;2171,12;2171,31;2154,65;20963085763;0;0;2;1,06482E+13;RUB;4930146741;3;;14.12.2022;
SNDX;IMOEX;15.12.2022;Индекс МосБиржи;Индекс МосБиржи;2126,8;2151,69;2151,69;2115,21;30466746004;0;0;2;1,04854E+13;RUB;4930146741;3;;15.12.2022;
SNDX;IMOEX;16.12.2022;Индекс МосБиржи;Индекс МосБиржи;2132,75;2118,43;2135,79;2116,08;19713454690;0;0;2;1,03926E+13;RUB;4872878800;3;;16.12.2022;
SNDX;IMOEX;19.12.2022;Индекс МосБиржи;Индекс МосБиржи;2129,98;2131,33;2139,07;2109,56;30518978665;0;0;2;1,03791E+13;RUB;4872878800;3;;19.12.2022;
SNDX;IMOEX;20.12.2022;Индекс МосБиржи;Индекс МосБиржи;2119,37;2071,1;2119,37;2070,58;34192361634;0;0;2;1,03274E+13;RUB;4872878800;3;;20.12.2022;
SNDX;IMOEX;21.12.2022;Индекс МосБиржи;Индекс МосБиржи;2116,13;2135,41;2139,49;2102,24;30181774160;0;0;2;1,03116E+13;RUB;4872878800;3;;21.12.2022;
SNDX;IMOEX;22.12.2022;Индекс МосБиржи;Индекс МосБиржи;2122,91;2124,37;2134,48;2114,91;22386857843;0;0;2;1,03447E+13;RUB;4872878800;3;;22.12.2022;
SNDX;IMOEX;23.12.2022;Индекс МосБиржи;Индекс МосБиржи;2124,02;2121,99;2128,27;2110,59;17531982626;0;0;2;1,03501E+13;RUB;4872878800;3;;23.12.2022;
SNDX;IMOEX;26.12.2022;Индекс МосБиржи;Индекс МосБиржи;2139,21;2126,4;2139,78;2126,4;21299933246;0;0;2;1,04241E+13;RUB;4872878800;3;;26.12.2022;
SNDX;IMOEX;27.12.2022;Индекс МосБиржи;Индекс МосБиржи;2150,92;2142,08;2154,35;2138,11;21591490276;0;0;2;1,04812E+13;RUB;4872878800;3;;27.12.2022;
SNDX;IMOEX;28.12.2022;Индекс МосБиржи;Индекс МосБиржи;2139,77;2150,12;2152,47;2136,68;18811163578;0;0;2;1,04268E+13;RUB;4872878800;3;;28.12.2022;
SNDX;IMOEX;29.12.2022;Индекс МосБиржи;Индекс МосБиржи;2147,06;2135,91;2149,94;2134,48;15793852419;0;0;2;1,04624E+13;RUB;4872878800;3;;29.12.2022;
SNDX;IMOEX;30.12.2022;Индекс МосБиржи;Индекс МосБиржи;2154,12;2149,83;2154,47;2139,79;16664943292;0;0;2;1,04968E+13;RUB;4872878800;3;;30.12.2022;
SNDX;IMOEX;03.01.2023;Индекс МосБиржи;Индекс МосБиржи;2172,68;2157,18;2174,23;2157,18;12690309379;0;0;2;1,05872E+13;RUB;4872878800;3;;03.01.2023;
SNDX;IMOEX;04.01.2023;Индекс МосБиржи;Индекс МосБиржи;2168,42;2171,54;2179,56;2162,06;11510044721;0;0;2;1,05665E+13;RUB;4872878800;3;;04.01.2023;
SNDX;IMOEX;05.01.2023;Индекс МосБиржи;Индекс МосБиржи;2156,67;2170,4;2171,94;2154,16;9783315405;0;0;2;1,05092E+13;RUB;4872878800;3;;05.01.2023;
SNDX;IMOEX;06.01.2023;Индекс МосБиржи;Индекс МосБиржи;2156,39;2157,32;2160,08;2153,32;7622557638;0;0;2;1,05078E+13;RUB;4872878800;3;;06.01.2023;
SNDX;IMOEX;09.01.2023;Индекс МосБиржи;Индекс МосБиржи;2163,5;2163,43;2169,71;2162,01;18179113212;0;0;2;1,05425E+13;RUB;4872878800;3;;09.01.2023;
SNDX;IMOEX;10.01.2023;Индекс МосБиржи;Индекс МосБиржи;2159,51;2162,7;2162,92;2145,14;14600174654;0;0;2;1,0523E+13;RUB;4872878800;3;;10.01.2023;
SNDX;IMOEX;11.01.2023;Индекс МосБиржи;Индекс МосБиржи;2186,98;2156,28;2190,4;2153,55;35257346291;0;0;2;1,06569E+13;RUB;4872878800;3;;11.01.2023;
SNDX;IMOEX;12.01.2023;Индекс МосБиржи;Индекс МосБиржи;2185,93;2193,53;2194,8;2177,36;21456804414;0;0;2;1,06518E+13;RUB;4872878800;3;;12.01.2023;
SNDX;IMOEX;13.01.2023;Индекс МосБиржи;Индекс МосБиржи;2199,94;2188,6;2204,18;2179,82;27688238742;0;0;2;1,072E+13;RUB;4872878800;3;;13.01.2023;
SNDX;IMOEX;16.01.2023;Индекс МосБиржи;Индекс МосБиржи;2224,9;2204,64;2224,9;2204,46;27333518945;0;0;2;1,08417E+13;RUB;4872878800;3;;16.01.2023;
SNDX;IMOEX;17.01.2023;Индекс МосБиржи;Индекс МосБиржи;2196,84;2225,26;2226,49;2196,84;31460321183;0;0;2;1,07049E+13;RUB;4872878800;3;;17.01.2023;
SNDX;IMOEX;18.01.2023;Индекс МосБиржи;Индекс МосБиржи;2196,26;2188,9;2206,66;2177,65;24434857168;0;0;2;1,07021E+13;RUB;4872878800;3;;18.01.2023;
SNDX;IMOEX;19.01.2023;Индекс МосБиржи;Индекс МосБиржи;2168,83;2190,02;2193,93;2162,11;25621313385;0;0;2;1,05685E+13;RUB;4872878800;3;;19.01.2023;
SNDX;IMOEX;20.01.2023;Индекс МосБиржи;Индекс МосБиржи;2166,69;2167,61;2173,71;2154,37;18882607247;0;0;2;1,0558E+13;RUB;4872878800;3;;20.01.2023;
SNDX;IMOEX;23.01.2023;Индекс МосБиржи;Индекс МосБиржи;2185,31;2167,92;2186,85;2164,89;23076679749;0;0;2;1,06488E+13;RUB;4872878800;3;;23.01.2023;
SNDX;IMOEX;24.01.2023;Индекс МосБиржи;Индекс МосБиржи;2172,75;2191,64;2199,29;2172,75;29120905167;0;0;2;1,05875E+13;RUB;4872878800;3;;24.01.2023;
SNDX;IMOEX;25.01.2023;Индекс МосБиржи;Индекс МосБиржи;2170,15;2168,48;2176,61;2160,76;22637391195;0;0;2;1,05749E+13;RUB;4872878800;3;;25.01.2023;
SNDX;IMOEX;26.01.2023;Индекс МосБиржи;Индекс МосБиржи;2166,92;2181,96;2183,77;2166,92;22684239621;0;0;2;1,05591E+13;RUB;4872878800;3;;26.01.2023;
SNDX;IMOEX;27.01.2023;Индекс МосБиржи;Индекс МосБиржи;2189,35;2174,85;2189,35;2167,33;22277273691;0;0;2;1,06685E+13;RUB;4872878800;3;;27.01.2023;
SNDX;IMOEX;30.01.2023;Индекс МосБиржи;Индекс МосБиржи;2204,41;2193,99;2204,41;2189,12;25349957927;0;0;2;1,07418E+13;RUB;4872878800;3;;30.01.2023;
SNDX;IMOEX;31.01.2023;Индекс МосБиржи;Индекс МосБиржи;2225,6;2203,57;2225,6;2202,76;33469998785;0;0;2;1,08451E+13;RUB;4872878800;3;;31.01.2023;
SNDX;IMOEX;01.02.2023;Индекс МосБиржи;Индекс МосБиржи;2230,15;2232,02;2247,12;2224,95;39359470584;0;0;2;1,08672E+13;RUB;4872878800;3;;01.02.2023;
SNDX;IMOEX;02.02.2023;Индекс МосБиржи;Индекс МосБиржи;2243,54;2243,04;2249,56;2228,56;32836232460;0;0;2;1,09325E+13;RUB;4872878800;3;;02.02.2023;
SNDX;IMOEX;03.02.2023;Индекс МосБиржи;Индекс МосБиржи;2248,3;2239,1;2253,7;2216,63;43326732162;0;0;2;1,09557E+13;RUB;4872878800;3;;03.02.2023;
SNDX;IMOEX;06.02.2023;Индекс МосБиржи;Индекс МосБиржи;2272,37;2245,93;2276,5;2243,77;41978396753;0;0;2;1,1073E+13;RUB;4872878800;3;;06.02.2023;
SNDX;IMOEX;07.02.2023;Индекс МосБиржи;Индекс МосБиржи;2267,69;2281,69;2290,51;2262,3;41070831271;0;0;2;1,10502E+13;RUB;4872878800;3;;07.02.2023;
SNDX;IMOEX;08.02.2023;Индекс МосБиржи;Индекс МосБиржи;2251,97;2273,59;2283,49;2244,52;36352162036;0;0;2;1,09736E+13;RUB;4872878800;3;;08.02.2023;
SNDX;IMOEX;09.02.2023;Индекс МосБиржи;Индекс МосБиржи;2262,45;2258,97;2269,96;2241,02;36719582060;0;0;2;1,10246E+13;RUB;4872878800;3;;09.02.2023;
SNDX;IMOEX;10.02.2023;Индекс МосБиржи;Индекс МосБиржи;2261,58;2253,51;2264,39;2249,62;20751973737;0;0;2;1,10204E+13;RUB;4872878800;3;;10.02.2023;
SNDX;IMOEX;13.02.2023;Индекс МосБиржи;Индекс МосБиржи;2264,27;2262,65;2271;2261,37;18435819332;0;0;2;1,10335E+13;RUB;4872878800;3;;13.02.2023;
SNDX;IMOEX;14.02.2023;Индекс МосБиржи;Индекс МосБиржи;2232,23;2256,59;2256,96;2225,94;31061645096;0;0;2;1,08774E+13;RUB;4872878800;3;;14.02.2023;
SNDX;IMOEX;15.02.2023;Индекс МосБиржи;Индекс МосБиржи;2166,46;2216,69;2216,69;2164,7;42803893942;0;0;2;1,05569E+13;RUB;4872878800;3;;15.02.2023;
SNDX;IMOEX;16.02.2023;Индекс МосБиржи;Индекс МосБиржи;2153,96;2169,39;2186,64;2150,17;33206834832;0;0;2;1,0496E+13;RUB;4872878800;3;;16.02.2023;
SNDX;IMOEX;17.02.2023;Индекс МосБиржи;Индекс МосБиржи;2168,88;2157,5;2180,96;2147,31;23626925960;0;0;2;1,05687E+13;RUB;4872878800;3;;17.02.2023;
SNDX;IMOEX;20.02.2023;Индекс МосБиржи;Индекс МосБиржи;2183,57;2172,53;2186,39;2140,78;30085172954;0;0;2;1,06403E+13;RUB;4872878800;3;;20.02.2023;
SNDX;IMOEX;21.02.2023;Индекс МосБиржи;Индекс МосБиржи;2212,42;2184,6;2227,82;2184,51;49606379523;0;0;2;1,07809E+13;RUB;4872878800;3;;21.02.2023;
SNDX;IMOEX;22.02.2023;Индекс МосБиржи;Индекс МосБиржи;2212,4;2215,43;2215,58;2194,99;20589616472;0;0;2;1,07807E+13;RUB;4872878800;3;;22.02.2023;
SNDX;IMOEX;24.02.2023;Индекс МосБиржи;Индекс МосБиржи;2208,03;2209,1;2223,23;2202,25;18979268125;0;0;2;1,07595E+13;RUB;4872878800;3;;24.02.2023;
SNDX;IMOEX;27.02.2023;Индекс МосБиржи;Индекс МосБиржи;2241,1;2194,39;2241,1;2188,95;36711171319;0;0;2;1,09206E+13;RUB;4872878800;3;;27.02.2023;
SNDX;IMOEX;28.02.2023;Индекс МосБиржи;Индекс МосБиржи;2253,16;2246,26;2258,68;2239,59;37023209048;0;0;2;1,09794E+13;RUB;4872878800;3;;28.02.2023;
SNDX;IMOEX;01.03.2023;Индекс МосБиржи;Индекс МосБиржи;2279,65;2258,89;2287,48;2255,45;40016502887;0;0;2;1,11085E+13;RUB;4872878800;3;;01.03.2023;
SNDX;IMOEX;02.03.2023;Индекс МосБиржи;Индекс МосБиржи;2254,3;2284,87;2286,27;2235,43;50749873558;0;0;2;1,0985E+13;RUB;4872878800;3;;02.03.2023;
SNDX;IMOEX;03.03.2023;Индекс МосБиржи;Индекс МосБиржи;2272,2;2250,12;2273,52;2249,81;26705003484;0;0;2;1,10722E+13;RUB;4872878800;3;;03.03.2023;
SNDX;IMOEX;06.03.2023;Индекс МосБиржи;Индекс МосБиржи;2294,12;2286,2;2297,86;2283,4;33614803021;0;0;2;1,1179E+13;RUB;4872878800;3;;06.03.2023;
SNDX;IMOEX;07.03.2023;Индекс МосБиржи;Индекс МосБиржи;2295,6;2294,32;2298,93;2281,46;24580193073;0;0;2;1,11862E+13;RUB;4872878800;3;;07.03.2023;
SNDX;IMOEX;09.03.2023;Индекс МосБиржи;Индекс МосБиржи;2290,14;2295,03;2302,1;2278,95;28764398016;0;0;2;1,11596E+13;RUB;4872878800;3;;09.03.2023;
SNDX;IMOEX;10.03.2023;Индекс МосБиржи;Индекс МосБиржи;2276,25;2272,61;2283,18;2266,33;28442547978;0;0;2;1,10919E+13;RUB;4872878800;3;;10.03.2023;
SNDX;IMOEX;13.03.2023;Индекс МосБиржи;Индекс МосБиржи;2269,47;2279,13;2289,7;2250,14;40590100977;0;0;2;1,10589E+13;RUB;4872878800;3;;13.03.2023;
SNDX;IMOEX;14.03.2023;Индекс МосБиржи;Индекс МосБиржи;2290,32;2266,78;2290,32;2261,65;37222691640;0;0;2;1,11605E+13;RUB;4872878800;3;;14.03.2023;
SNDX;IMOEX;15.03.2023;Индекс МосБиржи;Индекс МосБиржи;2262,07;2287,16;2295,06;2257;40845107271;0;0;2;1,10228E+13;RUB;4872878800;3;;15.03.2023;
SNDX;IMOEX;16.03.2023;Индекс МосБиржи;Индекс МосБиржи;2258,22;2262,61;2269,01;2236,77;35593046391;0;0;2;1,10041E+13;RUB;4872878800;3;;16.03.2023;
SNDX;IMOEX;17.03.2023;Индекс МосБиржи;Индекс МосБиржи;2322,78;2284,78;2322,78;2275,48;1,08088E+11;0;0;2;7,93535E+12;RUB;3416313660;3;;17.03.2023;
SNDX;IMOEX;20.03.2023;Индекс МосБиржи;Индекс МосБиржи;2397,16;2337,83;2397,16;2332,8;84163284262;0;0;2;8,18944E+12;RUB;3416313660;3;;20.03.2023;
SNDX;IMOEX;21.03.2023;Индекс МосБиржи;Индекс МосБиржи;2398,15;2417,43;2431,23;2383,08;74773280094;0;0;2;8,19284E+12;RUB;3416313660;3;;21.03.2023;
SNDX;IMOEX;22.03.2023;Индекс МосБиржи;Индекс МосБиржи;2393,88;2387,81;2398,76;2374,46;34290916793;0;0;2;8,17823E+12;RUB;3416313660;3;;22.03.2023;
SNDX;IMOEX;23.03.2023;Индекс МосБиржи;Индекс МосБиржи;2388,35;2386,7;2396,5;2379,88;23579664336;0;0;2;8,15935E+12;RUB;3416313660;3;;23.03.2023;
SNDX;IMOEX;24.03.2023;Индекс МосБиржи;Индекс МосБиржи;2391,53;2386,53;2394,03;2384,29;20820009237;0;0;2;8,17023E+12;RUB;3416313660;3;;24.03.2023;
SNDX;IMOEX;27.03.2023;Индекс МосБиржи;Индекс МосБиржи;2440,68;2400,84;2440,68;2400,84;47214135240;0;0;2;8,33812E+12;RUB;3416313660;3;;27.03.2023;
SNDX;IMOEX;28.03.2023;Индекс МосБиржи;Индекс МосБиржи;2442,19;2453,26;2458,37;2421,39;41688810662;0;0;2;8,3433E+12;RUB;3416313660;3;;28.03.2023;
SNDX;IMOEX;29.03.2023;Индекс МосБиржи;Индекс МосБиржи;2460,87;2449,96;2468,48;2437,52;45339433903;0;0;2;8,4071E+12;RUB;3416313660;3;;29.03.2023;
SNDX;IMOEX;30.03.2023;Индекс МосБиржи;Индекс МосБиржи;2465,93;2458,06;2467,97;2450,46;29588518564;0;0;2;8,42438E+12;RUB;3416313660;3;;30.03.2023;
SNDX;IMOEX;31.03.2023;Индекс МосБиржи;Индекс МосБиржи;2450,67;2470,12;2472,53;2424,45;49152762590;0;0;2;8,37224E+12;RUB;3416313660;3;;31.03.2023;
SNDX;IMOEX;03.04.2023;Индекс МосБиржи;Индекс МосБиржи;2473,32;2474,37;2482,54;2463;48168034561;0;0;2;8,44963E+12;RUB;3416313660;3;;03.04.2023;
SNDX;IMOEX;04.04.2023;Индекс МосБиржи;Индекс МосБиржи;2480,45;2483,47;2511,49;2479,24;61460346597;0;0;2;8,474E+12;RUB;3416313660;3;;04.04.2023;
SNDX;IMOEX;05.04.2023;Индекс МосБиржи;Индекс МосБиржи;2500,8;2489,18;2500,8;2465,77;46265010870;0;0;2;8,54352E+12;RUB;3416313660;3;;05.04.2023;
SNDX;IMOEX;06.04.2023;Индекс МосБиржи;Индекс МосБиржи;2498,3;2504,06;2521,81;2498,3;43371731594;0;0;2;8,53497E+12;RUB;3416313660;3;;06.04.2023;
SNDX;IMOEX;07.04.2023;Индекс МосБиржи;Индекс МосБиржи;2508,39;2504,04;2511,95;2491,37;28962641538;0;0;2;8,56946E+12;RUB;3416313660;3;;07.04.2023;
SNDX;IMOEX;10.04.2023;Индекс МосБиржи;Индекс МосБиржи;2547,35;2523,2;2548,41;2523,2;51000274968;0;0;2;8,70256E+12;RUB;3416313660;3;;10.04.2023;
SNDX;IMOEX;11.04.2023;Индекс МосБиржи;Индекс МосБиржи;2533,69;2560,04;2577,51;2515,83;82411991848;0;0;2;8,65586E+12;RUB;3416313660;3;;11.04.2023;
SNDX;IMOEX;12.04.2023;Индекс МосБиржи;Индекс МосБиржи;2538,47;2538,62;2554,77;2520,65;39292795917;0;0;2;8,6722E+12;RUB;3416313660;3;;12.04.2023;
SNDX;IMOEX;13.04.2023;Индекс МосБиржи;Индекс МосБиржи;2544,28;2546,98;2557,58;2528,06;31298785613;0;0;2;8,69205E+12;RUB;3416313660;3;;13.04.2023;
SNDX;IMOEX;14.04.2023;Индекс МосБиржи;Индекс МосБиржи;2554,85;2546,93;2554,85;2532,39;33758690385;0;0;2;8,72816E+12;RUB;3416313660;3;;14.04.2023;
SNDX;IMOEX;17.04.2023;Индекс МосБиржи;Индекс МосБиржи;2596,11;2572,54;2596,45;2572,54;48786704258;0;0;2;8,86913E+12;RUB;3416313660;3;;17.04.2023;
SNDX;IMOEX;18.04.2023;Индекс МосБиржи;Индекс МосБиржи;2615,62;2601,34;2615,62;2586,05;55299787220;0;0;2;8,93579E+12;RUB;3416313660;3;;18.04.2023;
SNDX;IMOEX;19.04.2023;Индекс МосБиржи;Индекс МосБиржи;2606,55;2617,91;2629,01;2584,96;75124691893;0;0;2;8,9048E+12;RUB;3416313660;3;;19.04.2023;
SNDX;IMOEX;20.04.2023;Индекс МосБиржи;Индекс МосБиржи;2637,85;2600,71;2640,78;2565,61;75946446478;0;0;2;9,01173E+12;RUB;3416313660;3;;20.04.2023;
SNDX;IMOEX;21.04.2023;Индекс МосБиржи;Индекс МосБиржи;2639,95;2640,99;2648,21;2626,94;57200329084;0;0;2;9,0189E+12;RUB;3416313660;3;;21.04.2023;
SNDX;IMOEX;24.04.2023;Индекс МосБиржи;Индекс МосБиржи;2635,43;2636,76;2651,8;2609,4;39712592822;0;0;2;9,00344E+12;RUB;3416313660;3;;24.04.2023;
SNDX;IMOEX;25.04.2023;Индекс МосБиржи;Индекс МосБиржи;2626,86;2639,67;2642,12;2619,67;32157208711;0;0;2;8,97419E+12;RUB;3416313660;3;;25.04.2023;
SNDX;IMOEX;26.04.2023;Индекс МосБиржи;Индекс МосБиржи;2620,33;2625,62;2631,13;2614,98;31901400374;0;0;2;8,95188E+12;RUB;3416313660;3;;26.04.2023;
SNDX;IMOEX;27.04.2023;Индекс МосБиржи;Индекс МосБиржи;2646,18;2620,65;2646,18;2617,04;58564323144;0;0;2;9,04017E+12;RUB;3416313660;3;;27.04.2023;
SNDX;IMOEX;28.04.2023;Индекс МосБиржи;Индекс МосБиржи;2634,94;2653,93;2657,9;2608,02;51130716753;0;0;2;9,0018E+12;RUB;3416313660;3;;28.04.2023;
SNDX;IMOEX;02.05.2023;Индекс МосБиржи;Индекс МосБиржи;2580,51;2623,29;2635,53;2560,09;63970845686;0;0;2;8,81584E+12;RUB;3416313660;3;;02.05.2023;
SNDX;IMOEX;03.05.2023;Индекс МосБиржи;Индекс МосБиржи;2532,42;2585,4;2586,17;2532,42;54409373738;0;0;2;8,65154E+12;RUB;3416313660;3;;03.05.2023;
SNDX;IMOEX;04.05.2023;Индекс МосБиржи;Индекс МосБиржи;2524,51;2524,97;2547,2;2524,36;38680596603;0;0;2;8,62451E+12;RUB;3416313660;3;;04.05.2023;
SNDX;IMOEX;05.05.2023;Индекс МосБиржи;Индекс МосБиржи;2538,24;2544,47;2555,39;2529,08;35453025874;0;0;2;8,67142E+12;RUB;3416313660;3;;05.05.2023;
SNDX;IMOEX;08.05.2023;Индекс МосБиржи;Индекс МосБиржи;2527,59;2528,74;2538,23;2513,84;20351667294;0;0;2;8,63505E+12;RUB;3416313660;3;;08.05.2023;
SNDX;IMOEX;10.05.2023;Индекс МосБиржи;Индекс МосБиржи;2548,63;2483,92;2556,67;2483,79;70959379220;0;0;2;8,7069E+12;RUB;3416313660;3;;10.05.2023;
SNDX;IMOEX;11.05.2023;Индекс МосБиржи;Индекс МосБиржи;2595,12;2573,41;2610,8;2567,98;74640203057;0;0;2;8,86574E+12;RUB;3416313660;3;;11.05.2023;
SNDX;IMOEX;12.05.2023;Индекс МосБиржи;Индекс МосБиржи;2565,17;2570,65;2584,91;2552,05;37663735251;0;0;2;8,76342E+12;RUB;3416313660;3;;12.05.2023;
SNDX;IMOEX;15.05.2023;Индекс МосБиржи;Индекс МосБиржи;2611,07;2581,64;2611,71;2581,64;43944338845;0;0;2;8,92022E+12;RUB;3416313660;3;;15.05.2023;
SNDX;IMOEX;16.05.2023;Индекс МосБиржи;Индекс МосБиржи;2633,71;2645,94;2655,73;2621,59;42646373333;0;0;2;8,99757E+12;RUB;3416313660;3;;16.05.2023;
SNDX;IMOEX;17.05.2023;Индекс МосБиржи;Индекс МосБиржи;2634,48;2637,51;2646,61;2623,15;38940434445;0;0;2;9,00022E+12;RUB;3416313660;3;;17.05.2023;
SNDX;IMOEX;18.05.2023;Индекс МосБиржи;Индекс МосБиржи;2632,91;2650,12;2658,57;2624,49;59453341863;0;0;2;8,99485E+12;RUB;3416313660;3;;18.05.2023;
SNDX;IMOEX;19.05.2023;Индекс МосБиржи;Индекс МосБиржи;2626,16;2627,59;2635,8;2612,47;58915837809;0;0;2;8,97178E+12;RUB;3416313660;3;;19.05.2023;
SNDX;IMOEX;22.05.2023;Индекс МосБиржи;Индекс МосБиржи;2633,26;2648,3;2652,97;2622,35;47631848455;0;0;2;8,99604E+12;RUB;3416313660;3;;22.05.2023;
SNDX;IMOEX;23.05.2023;Индекс МосБиржи;Индекс МосБиржи;2641,66;2641,05;2648,69;2607,63;71936165174;0;0;2;9,02472E+12;RUB;3416313660;3;;23.05.2023;
SNDX;IMOEX;24.05.2023;Индекс МосБиржи;Индекс МосБиржи;2654,99;2643,73;2659,68;2626,43;71756125245;0;0;2;9,07027E+12;RUB;3416313660;3;;24.05.2023;
SNDX;IMOEX;25.05.2023;Индекс МосБиржи;Индекс МосБиржи;2649,98;2662,85;2663,51;2631,03;66820699399;0;0;2;9,05315E+12;RUB;3416313660;3;;25.05.2023;
SNDX;IMOEX;26.05.2023;Индекс МосБиржи;Индекс МосБиржи;2682,03;2650,38;2685,14;2645,54;52536425210;0;0;2;9,16265E+12;RUB;3416313660;3;;26.05.2023;
SNDX;IMOEX;29.05.2023;Индекс МосБиржи;Индекс МосБиржи;2732;2697,46;2732;2697,46;66140079776;0;0;2;9,33337E+12;RUB;3416313660;3;;29.05.2023;
SNDX;IMOEX;30.05.2023;Индекс МосБиржи;Индекс МосБиржи;2698,75;2712,04;2748,6;2687,81;90132343989;0;0;2;9,21977E+12;RUB;3416313660;3;;30.05.2023;
SNDX;IMOEX;31.05.2023;Индекс МосБиржи;Индекс МосБиржи;2717,64;2698,11;2718,27;2676,27;58274293697;0;0;2;9,28433E+12;RUB;3416313660;3;;31.05.2023;
SNDX;IMOEX;01.06.2023;Индекс МосБиржи;Индекс МосБиржи;2721,73;2720,21;2729,97;2709,33;43398021906;0;0;2;9,29827E+12;RUB;3416313660;3;;01.06.2023;
SNDX;IMOEX;02.06.2023;Индекс МосБиржи;Индекс МосБиржи;2719,48;2684,59;2720,47;2684,59;66776774006;0;0;2;9,29059E+12;RUB;3416313660;3;;02.06.2023;
SNDX;IMOEX;05.06.2023;Индекс МосБиржи;Индекс МосБиржи;2694,14;2726,17;2738,82;2679,3;76307627682;0;0;2;9,20402E+12;RUB;3416313660;3;;05.06.2023;
SNDX;IMOEX;06.06.2023;Индекс МосБиржи;Индекс МосБиржи;2681,25;2667,76;2687,41;2628;76433900155;0;0;2;9,15998E+12;RUB;3416313660;3;;06.06.2023;
SNDX;IMOEX;07.06.2023;Индекс МосБиржи;Индекс МосБиржи;2694,69;2690,94;2711,72;2674,11;55873417951;0;0;2;9,20592E+12;RUB;3416313660;3;;07.06.2023;
SNDX;IMOEX;08.06.2023;Индекс МосБиржи;Индекс МосБиржи;2709,69;2693,6;2709,69;2688,31;38267334626;0;0;2;9,25716E+12;RUB;3416313660;3;;08.06.2023;
SNDX;IMOEX;09.06.2023;Индекс МосБиржи;Индекс МосБиржи;2708,04;2717,2;2721,84;2705,24;39244085183;0;0;2;9,25152E+12;RUB;3416313660;3;;09.06.2023;
SNDX;IMOEX;13.06.2023;Индекс МосБиржи;Индекс МосБиржи;2757,28;2715,31;2757,28;2715,15;52360263412;0;0;2;9,41972E+12;RUB;3416313660;3;;13.06.2023;
SNDX;IMOEX;14.06.2023;Индекс МосБиржи;Индекс МосБиржи;2765,18;2777,2;2786,06;2758,35;59477469249;0;0;2;9,44672E+12;RUB;3416313660;3;;14.06.2023;
SNDX;IMOEX;15.06.2023;Индекс МосБиржи;Индекс МосБиржи;2800,17;2776,77;2809,42;2764,89;70674603850;0;0;2;9,56626E+12;RUB;3416313660;3;;15.06.2023;
SNDX;IMOEX;16.06.2023;Индекс МосБиржи;Индекс МосБиржи;2800,79;2809,28;2813,74;2783,71;46090977475;0;0;2;4,73886E+12;RUB;1691971867;3;;16.06.2023;
SNDX;IMOEX;19.06.2023;Индекс МосБиржи;Индекс МосБиржи;2815,07;2808,04;2816,57;2783,69;67392787319;0;0;2;4,76303E+12;RUB;1691971867;3;;19.06.2023;
SNDX;IMOEX;20.06.2023;Индекс МосБиржи;Индекс МосБиржи;2803,69;2810,14;2814,72;2778;57147026334;0;0;2;4,74376E+12;RUB;1691971867;3;;20.06.2023;
SNDX;IMOEX;21.06.2023;Индекс МосБиржи;Индекс МосБиржи;2819,3;2808,87;2821,88;2794,68;45230035006;0;0;2;4,77018E+12;RUB;1691971867;3;;21.06.2023;
SNDX;IMOEX;22.06.2023;Индекс МосБиржи;Индекс МосБиржи;2815,83;2817,3;2820,43;2805,92;34384928911;0;0;2;4,76431E+12;RUB;1691971867;3;;22.06.2023;
SNDX;IMOEX;23.06.2023;Индекс МосБиржи;Индекс МосБиржи;2795,06;2790,04;2795,06;2767,82;44229380378;0;0;2;4,72916E+12;RUB;1691971867;3;;23.06.2023;
SNDX;IMOEX;26.06.2023;Индекс МосБиржи;Индекс МосБиржи;2757,13;2771,52;2784,28;2741,33;55763545917;0;0;2;4,66499E+12;RUB;1691971867;3;;26.06.2023;
SNDX;IMOEX;27.06.2023;Индекс МосБиржи;Индекс МосБиржи;2776,63;2759,61;2785,33;2743,07;54247868187;0;0;2;4,69797E+12;RUB;1691971867;3;;27.06.2023;
SNDX;IMOEX;28.06.2023;Индекс МосБиржи;Индекс МосБиржи;2780,92;2781,1;2787,52;2766,93;50203546475;0;0;2;4,70524E+12;RUB;1691971867;3;;28.06.2023;
SNDX;IMOEX;29.06.2023;Индекс МосБиржи;Индекс МосБиржи;2796,41;2790,27;2804,8;2783,53;45359611885;0;0;2;4,73145E+12;RUB;1691971867;3;;29.06.2023;
SNDX;IMOEX;30.06.2023;Индекс МосБиржи;Индекс МосБиржи;2797,37;2796;2800,12;2779,61;43918551470;0;0;2;4,73307E+12;RUB;1691971867;3;;30.06.2023;
SNDX;IMOEX;03.07.2023;Индекс МосБиржи;Индекс МосБиржи;2793,93;2795,58;2804,93;2790,81;53480309454;0;0;2;4,72725E+12;RUB;1691971867;3;;03.07.2023;
SNDX;IMOEX;04.07.2023;Индекс МосБиржи;Индекс МосБиржи;2808,22;2798,02;2808,22;2776,79;50001620296;0;0;2;4,75143E+12;RUB;1691971867;3;;04.07.2023;
SNDX;IMOEX;05.07.2023;Индекс МосБиржи;Индекс МосБиржи;2805;2795,4;2813,76;2795,4;40919409058;0;0;2;4,74598E+12;RUB;1691971867;3;;05.07.2023;
SNDX;IMOEX;06.07.2023;Индекс МосБиржи;Индекс МосБиржи;2819,6;2816,74;2837,49;2813,38;49025725833;0;0;2;4,77068E+12;RUB;1691971867;3;;06.07.2023;
SNDX;IMOEX;07.07.2023;Индекс МосБиржи;Индекс МосБиржи;2832,51;2823,89;2832,82;2814,38;35233849809;0;0;2;4,79252E+12;RUB;1691971867;3;;07.07.2023;
SNDX;IMOEX;10.07.2023;Индекс МосБиржи;Индекс МосБиржи;2856,76;2838,85;2864,32;2838,52;87970608407;0;0;2;4,83355E+12;RUB;1691971867;3;;10.07.2023;
SNDX;IMOEX;11.07.2023;Индекс МосБиржи;Индекс МосБиржи;2860,33;2865,64;2867,36;2851,01;54684261681;0;0;2;4,8396E+12;RUB;1691971867;3;;11.07.2023;
SNDX;IMOEX;12.07.2023;Индекс МосБиржи;Индекс МосБиржи;2896,83;2870,61;2897,28;2870,61;49227664371;0;0;2;4,90135E+12;RUB;1691971867;3;;12.07.2023;
SNDX;IMOEX;13.07.2023;Индекс МосБиржи;Индекс МосБиржи;2885,63;2899,98;2912,15;2873;49847140056;0;0;2;4,88241E+12;RUB;1691971867;3;;13.07.2023;
SNDX;IMOEX;14.07.2023;Индекс МосБиржи;Индекс МосБиржи;2902,72;2882,96;2902,72;2874,44;39987004923;0;0;2;4,91132E+12;RUB;1691971867;3;;14.07.2023;
SNDX;IMOEX;17.07.2023;Индекс МосБиржи;Индекс МосБиржи;2917,61;2889,09;2917,72;2880,11;53443542846;0;0;2;4,93652E+12;RUB;1691971867;3;;17.07.2023;
SNDX;IMOEX;18.07.2023;Индекс МосБиржи;Индекс МосБиржи;2954,52;2923,69;2955,81;2922,74;77193330617;0;0;2;4,99896E+12;RUB;1691971867;3;;18.07.2023;
SNDX;IMOEX;19.07.2023;Индекс МосБиржи;Индекс МосБиржи;2943,43;2959,41;2966,72;2938,66;58857210252;0;0;2;4,98021E+12;RUB;1691971867;3;;19.07.2023;
SNDX;IMOEX;20.07.2023;Индекс МосБиржи;Индекс МосБиржи;2917,48;2947,08;2947,29;2905,02;61399540098;0;0;2;4,9363E+12;RUB;1691971867;3;;20.07.2023;
SNDX;IMOEX;21.07.2023;Индекс МосБиржи;Индекс МосБиржи;2923,54;2890,45;2925,54;2889,78;45191958198;0;0;2;4,94655E+12;RUB;1691971867;3;;21.07.2023;
SNDX;IMOEX;24.07.2023;Индекс МосБиржи;Индекс МосБиржи;2937,47;2929,23;2947,17;2925,1;44299432858;0;0;2;4,97012E+12;RUB;1691971867;3;;24.07.2023;
SNDX;IMOEX;25.07.2023;Индекс МосБиржи;Индекс МосБиржи;2975,36;2948,87;2975,36;2943,74;53262100574;0;0;2;5,03423E+12;RUB;1691971867;3;;25.07.2023;
SNDX;IMOEX;26.07.2023;Индекс МосБиржи;Индекс МосБиржи;2970,42;2974,21;2982,47;2954,9;56856463588;0;0;2;5,02587E+12;RUB;1691971867;3;;26.07.2023;
SNDX;IMOEX;27.07.2023;Индекс МосБиржи;Индекс МосБиржи;2987,85;2975,52;2992,47;2975,52;62041044278;0;0;2;5,05535E+12;RUB;1691971867;3;;27.07.2023;
SNDX;IMOEX;28.07.2023;Индекс МосБиржи;Индекс МосБиржи;3008,61;2986,35;3008,61;2978,12;52041795978;0;0;2;5,09049E+12;RUB;1691971867;3;;28.07.2023;
SNDX;IMOEX;31.07.2023;Индекс МосБиржи;Индекс МосБиржи;3073,5;3026,93;3073,5;3026,93;97511677781;0;0;2;5,20027E+12;RUB;1691971867;3;;31.07.2023;
SNDX;IMOEX;01.08.2023;Индекс МосБиржи;Индекс МосБиржи;3093,64;3085,97;3114,56;3055,25;1,03557E+11;0;0;2;5,23435E+12;RUB;1691971867;3;;01.08.2023;
SNDX;IMOEX;02.08.2023;Индекс МосБиржи;Индекс МосБиржи;3106,46;3096,72;3123,45;3080,63;67996962270;0;0;2;5,25604E+12;RUB;1691971867;3;;02.08.2023;
SNDX;IMOEX;03.08.2023;Индекс МосБиржи;Индекс МосБиржи;3147,8;3111,7;3150,28;3094,27;90891719857;0;0;2;5,32599E+12;RUB;1691971867;3;;03.08.2023;
SNDX;IMOEX;04.08.2023;Индекс МосБиржи;Индекс МосБиржи;3092,44;3158,53;3194,83;3073,69;1,50969E+11;0;0;2;5,23232E+12;RUB;1691971867;3;;04.08.2023;
SNDX;IMOEX;07.08.2023;Индекс МосБиржи;Индекс МосБиржи;3084,08;3120,54;3153,6;3084,08;72453714917;0;0;2;5,21817E+12;RUB;1691971867;3;;07.08.2023;
SNDX;IMOEX;08.08.2023;Индекс МосБиржи;Индекс МосБиржи;3085,31;3077,63;3092,54;3026,72;76068844688;0;0;2;5,22025E+12;RUB;1691971867;3;;08.08.2023;
SNDX;IMOEX;09.08.2023;Индекс МосБиржи;Индекс МосБиржи;3099,52;3106,03;3120,25;3083,77;52718489764;0;0;2;5,24429E+12;RUB;1691971867;3;;09.08.2023;
SNDX;IMOEX;10.08.2023;Индекс МосБиржи;Индекс МосБиржи;3148,86;3122,06;3148,86;3115,85;76284260012;0;0;2;5,32778E+12;RUB;1691971867;3;;10.08.2023;
SNDX;IMOEX;11.08.2023;Индекс МосБиржи;Индекс МосБиржи;3155,51;3158,59;3163,47;3138,04;58933369742;0;0;2;5,33903E+12;RUB;1691971867;3;;11.08.2023;
SNDX;IMOEX;14.08.2023;Индекс МосБиржи;Индекс МосБиржи;3131;3186,47;3225,78;3117,31;1,45237E+11;0;0;2;5,29756E+12;RUB;1691971867;3;;14.08.2023;
SNDX;IMOEX;15.08.2023;Индекс МосБиржи;Индекс МосБиржи;3115,25;3083,32;3163,74;3068,66;1,01366E+11;0;0;2;5,27091E+12;RUB;1691971867;3;;15.08.2023;
SNDX;IMOEX;16.08.2023;Индекс МосБиржи;Индекс МосБиржи;3049,46;3109,46;3122,34;3015,57;1,02092E+11;0;0;2;5,1596E+12;RUB;1691971867;3;;16.08.2023;
SNDX;IMOEX;17.08.2023;Индекс МосБиржи;Индекс МосБиржи;3059,02;3069,81;3076,31;3031,73;58197839881;0;0;2;5,17577E+12;RUB;1691971867;3;;17.08.2023;
SNDX;IMOEX;18.08.2023;Индекс МосБиржи;Индекс МосБиржи;3111,22;3077,78;3111,22;3058,01;52548201796;0;0;2;5,26409E+12;RUB;1691971867;3;;18.08.2023;
SNDX;IMOEX;21.08.2023;Индекс МосБиржи;Индекс МосБиржи;3139,93;3139,29;3150,61;3122,37;67735783244;0;0;2;5,31267E+12;RUB;1691971867;3;;21.08.2023;
SNDX;IMOEX;22.08.2023;Индекс МосБиржи;Индекс МосБиржи;3164,25;3146,42;3172,3;3124,19;83064853846;0;0;2;5,35383E+12;RUB;1691971867;3;;22.08.2023;
SNDX;IMOEX;23.08.2023;Индекс МосБиржи;Индекс МосБиржи;3146,2;3180,39;3184,17;3113,24;77548993174;0;0;2;5,32327E+12;RUB;1691971867;3;;23.08.2023;
SNDX;IMOEX;24.08.2023;Индекс МосБиржи;Индекс МосБиржи;3137,37;3117,02;3137,37;3108,17;40282143312;0;0;2;5,30833E+12;RUB;1691971867;3;;24.08.2023;
SNDX;IMOEX;25.08.2023;Индекс МосБиржи;Индекс МосБиржи;3157,33;3150,03;3158,61;3132,07;39505389067;0;0;2;5,34212E+12;RUB;1691971867;3;;25.08.2023;
SNDX;IMOEX;28.08.2023;Индекс МосБиржи;Индекс МосБиржи;3198,72;3161,36;3202,24;3161,36;63409284340;0;0;2;5,41214E+12;RUB;1691971867;3;;28.08.2023;
SNDX;IMOEX;29.08.2023;Индекс МосБиржи;Индекс МосБиржи;3211,36;3205,06;3218,4;3191,31;83871175803;0;0;2;5,43353E+12;RUB;1691971867;3;;29.08.2023;
SNDX;IMOEX;30.08.2023;Индекс МосБиржи;Индекс МосБиржи;3212,68;3214,11;3220,85;3193,18;71358246002;0;0;2;5,43577E+12;RUB;1691971867;3;;30.08.2023;
SNDX;IMOEX;31.08.2023;Индекс МосБиржи;Индекс МосБиржи;3227,99;3218,48;3234,68;3211,94;69633845180;0;0;2;5,46166E+12;RUB;1691971867;3;;31.08.2023;
SNDX;IMOEX;01.09.2023;Индекс МосБиржи;Индекс МосБиржи;3231,35;3230,53;3232,92;3214,95;54848329183;0;0;2;5,46736E+12;RUB;1691971867;3;;01.09.2023;
SNDX;IMOEX;04.09.2023;Индекс МосБиржи;Индекс МосБиржи;3268,97;3242,49;3268,97;3242,4;79115006709;0;0;2;5,531E+12;RUB;1691971867;3;;04.09.2023;
SNDX;IMOEX;05.09.2023;Индекс МосБиржи;Индекс МосБиржи;3264,43;3273,39;3287,34;3246,46;69983337337;0;0;2;5,52333E+12;RUB;1691971867;3;;05.09.2023;
SNDX;IMOEX;06.09.2023;Индекс МосБиржи;Индекс МосБиржи;3245,47;3270,84;3270,84;3236,79;61766334286;0;0;2;5,49124E+12;RUB;1691971867;3;;06.09.2023;
SNDX;IMOEX;07.09.2023;Индекс МосБиржи;Индекс МосБиржи;3169,07;3247,9;3262,73;3145,25;1,10749E+11;0;0;2;5,36197E+12;RUB;1691971867;3;;07.09.2023;
SNDX;IMOEX;08.09.2023;Индекс МосБиржи;Индекс МосБиржи;3142,88;3178,44;3188,77;3114,39;73021984582;0;0;2;5,31767E+12;RUB;1691971867;3;;08.09.2023;
SNDX;IMOEX;11.09.2023;Индекс МосБиржи;Индекс МосБиржи;3122,37;3145,26;3153,61;3106,92;69351105559;0;0;2;5,28296E+12;RUB;1691971867;3;;11.09.2023;
SNDX;IMOEX;12.09.2023;Индекс МосБиржи;Индекс МосБиржи;3165,92;3118,14;3165,92;3117,7;63830695937;0;0;2;5,35665E+12;RUB;1691971867;3;;12.09.2023;
SNDX;IMOEX;13.09.2023;Индекс МосБиржи;Индекс МосБиржи;3148,32;3189,08;3191,57;3148,32;49516509449;0;0;2;5,32687E+12;RUB;1691971867;3;;13.09.2023;
SNDX;IMOEX;14.09.2023;Индекс МосБиржи;Индекс МосБиржи;3139,49;3144,29;3148,5;3072,82;76786367101;0;0;2;5,31192E+12;RUB;1691971867;3;;14.09.2023;
SNDX;IMOEX;15.09.2023;Индекс МосБиржи;Индекс МосБиржи;3152,53;3126,57;3155,45;3116,72;54277283310;0;0;2;5,33399E+12;RUB;1691971867;3;;15.09.2023;
SNDX;IMOEX;18.09.2023;Индекс МосБиржи;Индекс МосБиржи;3135,18;3165,06;3177,23;3127,37;56641551168;0;0;2;5,30463E+12;RUB;1691971867;3;;18.09.2023;
SNDX;IMOEX;19.09.2023;Индекс МосБиржи;Индекс МосБиржи;3083,85;3134,37;3141,38;3054,25;91514235959;0;0;2;5,21778E+12;RUB;1691971867;3;;19.09.2023;
SNDX;IMOEX;20.09.2023;Индекс МосБиржи;Индекс МосБиржи;3068,15;3061,18;3091,05;3013,75;90455495666;0;0;2;5,19123E+12;RUB;1691971867;3;;20.09.2023;
SNDX;IMOEX;21.09.2023;Индекс МосБиржи;Индекс МосБиржи;3019,22;3058,2;3062,68;3009,89;75859453170;0;0;2;5,10843E+12;RUB;1691971867;3;;21.09.2023;
SNDX;IMOEX;22.09.2023;Индекс МосБиржи;Индекс МосБиржи;3049,07;3009,87;3051,69;2988,04;70583117751;0;0;2;5,32356E+12;RUB;1745961296;3;;22.09.2023;
SNDX;IMOEX;25.09.2023;Индекс МосБиржи;Индекс МосБиржи;3045,39;3051,85;3056,23;3025,89;43799332390;0;0;2;5,31714E+12;RUB;1745961296;3;;25.09.2023;
SNDX;IMOEX;26.09.2023;Индекс МосБиржи;Индекс МосБиржи;3051,91;3034,23;3051,91;3001,92;52669899315;0;0;2;5,32852E+12;RUB;1745961296;3;;26.09.2023;
SNDX;IMOEX;27.09.2023;Индекс МосБиржи;Индекс МосБиржи;3067,61;3053,37;3081,41;3052,59;46210933652;0;0;2;5,35593E+12;RUB;1745961296;3;;27.09.2023;
SNDX;IMOEX;28.09.2023;Индекс МосБиржи;Индекс МосБиржи;3108,07;3080,81;3108,07;3076,64;51682474548;0;0;2;5,42658E+12;RUB;1745961296;3;;28.09.2023;
SNDX;IMOEX;29.09.2023;Индекс МосБиржи;Индекс МосБиржи;3133,26;3121,07;3141,12;3106,97;66288609363;0;0;2;5,47055E+12;RUB;1745961296;3;;29.09.2023;
SNDX;IMOEX;02.10.2023;Индекс МосБиржи;Индекс МосБиржи;3132,33;3141,69;3162,53;3125,58;68632430521;0;0;2;5,46893E+12;RUB;1745961296;3;;02.10.2023;
SNDX;IMOEX;03.10.2023;Индекс МосБиржи;Индекс МосБиржи;3143,88;3134,45;3146,33;3103,63;51722739274;0;0;2;5,48909E+12;RUB;1745961296;3;;03.10.2023;
SNDX;IMOEX;04.10.2023;Индекс МосБиржи;Индекс МосБиржи;3134,25;3138,62;3154,97;3130,03;43951700148;0;0;2;5,47228E+12;RUB;1745961296;3;;04.10.2023;
SNDX;IMOEX;05.10.2023;Индекс МосБиржи;Индекс МосБиржи;3131,76;3126,71;3138,5;3112,96;41598507646;0;0;2;5,46792E+12;RUB;1745961296;3;;05.10.2023;
SNDX;IMOEX;06.10.2023;Индекс МосБиржи;Индекс МосБиржи;3144,89;3138,87;3145,01;3121;39498958224;0;0;2;5,49086E+12;RUB;1745961296;3;;06.10.2023;
SNDX;IMOEX;09.10.2023;Индекс МосБиржи;Индекс МосБиржи;3174,02;3166,21;3185,86;3164,63;56663325565;0;0;2;5,54172E+12;RUB;1745961296;3;;09.10.2023;
SNDX;IMOEX;10.10.2023;Индекс МосБиржи;Индекс МосБиржи;3177,03;3175,08;3182,08;3162,61;39536045223;0;0;2;5,54697E+12;RUB;1745961296;3;;10.10.2023;
SNDX;IMOEX;11.10.2023;Индекс МосБиржи;Индекс МосБиржи;3194,12;3174,99;3196,44;3168,29;66537284095;0;0;2;5,57681E+12;RUB;1745961296;3;;11.10.2023;
SNDX;IMOEX;12.10.2023;Индекс МосБиржи;Индекс МосБиржи;3174,66;3130,04;3178,5;3122,58;62686809844;0;0;2;5,54283E+12;RUB;1745961296;3;;12.10.2023;
SNDX;IMOEX;13.10.2023;Индекс МосБиржи;Индекс МосБиржи;3192,33;3182,47;3195,23;3176,17;50282533196;0;0;2;5,57368E+12;RUB;1745961296;3;;13.10.2023;
SNDX;IMOEX;16.10.2023;Индекс МосБиржи;Индекс МосБиржи;3234,78;3204,81;3235,66;3202,94;65853279416;0;0;2;5,6478E+12;RUB;1745961296;3;;16.10.2023;
SNDX;IMOEX;17.10.2023;Индекс МосБиржи;Индекс МосБиржи;3247,15;3239,37;3252,55;3228,11;72231692204;0;0;2;5,6694E+12;RUB;1745961296;3;;17.10.2023;
SNDX;IMOEX;18.10.2023;Индекс МосБиржи;Индекс МосБиржи;3249,21;3252,31;3262,54;3225,44;81213914738;0;0;2;5,673E+12;RUB;1745961296;3;;18.10.2023;
SNDX;IMOEX;19.10.2023;Индекс МосБиржи;Индекс МосБиржи;3255,16;3245,26;3260,45;3232,16;57371834113;0;0;2;5,68338E+12;RUB;1745961296;3;;19.10.2023;
SNDX;IMOEX;20.10.2023;Индекс МосБиржи;Индекс МосБиржи;3269,27;3257,85;3269,71;3236,31;69952835837;0;0;2;5,70801E+12;RUB;1745961296;3;;20.10.2023;
SNDX;IMOEX;23.10.2023;Индекс МосБиржи;Индекс МосБиржи;3263,68;3271,76;3283,8;3248,39;67528634796;0;0;2;5,69826E+12;RUB;1745961296;3;;23.10.2023;
SNDX;IMOEX;24.10.2023;Индекс МосБиржи;Индекс МосБиржи;3265,01;3256,29;3266,59;3237,08;57858122996;0;0;2;5,70059E+12;RUB;1745961296;3;;24.10.2023;
SNDX;IMOEX;25.10.2023;Индекс МосБиржи;Индекс МосБиржи;3265,28;3265,18;3269,76;3243,25;59152443940;0;0;2;5,70106E+12;RUB;1745961296;3;;25.10.2023;
SNDX;IMOEX;26.10.2023;Индекс МосБиржи;Индекс МосБиржи;3223,89;3272,71;3283,49;3221,79;78078874146;0;0;2;5,62878E+12;RUB;1745961296;3;;26.10.2023;
SNDX;IMOEX;27.10.2023;Индекс МосБиржи;Индекс МосБиржи;3224,18;3219,49;3241,55;3185,84;71864096635;0;0;2;5,62929E+12;RUB;1745961296;3;;27.10.2023;
SNDX;IMOEX;30.10.2023;Индекс МосБиржи;Индекс МосБиржи;3227,07;3232,82;3246;3219,7;46028692096;0;0;2;5,63435E+12;RUB;1745961296;3;;30.10.2023;
SNDX;IMOEX;31.10.2023;Индекс МосБиржи;Индекс МосБиржи;3200,97;3221,08;3226,88;3176,53;51194409597;0;0;2;5,58877E+12;RUB;1745961296;3;;31.10.2023;
SNDX;IMOEX;01.11.2023;Индекс МосБиржи;Индекс МосБиржи;3206,52;3192,96;3214,83;3191,34;34173972610;0;0;2;5,59846E+12;RUB;1745961296;3;;01.11.2023;
SNDX;IMOEX;02.11.2023;Индекс МосБиржи;Индекс МосБиржи;3197,22;3216,92;3228,46;3197,22;44725565877;0;0;2;5,58223E+12;RUB;1745961296;3;;02.11.2023;
SNDX;IMOEX;03.11.2023;Индекс МосБиржи;Индекс МосБиржи;3208,63;3207,04;3212,81;3182,17;45527115236;0;0;2;5,60214E+12;RUB;1745961296;3;;03.11.2023;
SNDX;IMOEX;06.11.2023;Индекс МосБиржи;Индекс МосБиржи;3235,11;3207,47;3237,09;3207,1;34621931434;0;0;2;5,64838E+12;RUB;1745961296;3;;06.11.2023;
SNDX;IMOEX;07.11.2023;Индекс МосБиржи;Индекс МосБиржи;3246,34;3239,98;3246,65;3228,46;43761541280;0;0;2;5,66798E+12;RUB;1745961296;3;;07.11.2023;
SNDX;IMOEX;08.11.2023;Индекс МосБиржи;Индекс МосБиржи;3245,43;3238,81;3257,32;3233,11;51717129126;0;0;2;5,6664E+12;RUB;1745961296;3;;08.11.2023;
SNDX;IMOEX;09.11.2023;Индекс МосБиржи;Индекс МосБиржи;3239,92;3241,5;3245,11;3222,34;41676218574;0;0;2;5,65677E+12;RUB;1745961296;3;;09.11.2023;
SNDX;IMOEX;10.11.2023;Индекс МосБиржи;Индекс МосБиржи;3242,06;3236,03;3246,31;3229,1;45648433668;0;0;2;5,66051E+12;RUB;1745961296;3;;10.11.2023;
SNDX;IMOEX;13.11.2023;Индекс МосБиржи;Индекс МосБиржи;3248,27;3241,31;3251,74;3235,06;46210068912;0;0;2;5,67135E+12;RUB;1745961296;3;;13.11.2023;
SNDX;IMOEX;14.11.2023;Индекс МосБиржи;Индекс МосБиржи;3212,39;3236,48;3236,48;3192,32;60536270231;0;0;2;5,6087E+12;RUB;1745961296;3;;14.11.2023;
SNDX;IMOEX;15.11.2023;Индекс МосБиржи;Индекс МосБиржи;3215,11;3195,43;3221,22;3182,78;51510619170;0;0;2;5,61345E+12;RUB;1745961296;3;;15.11.2023;
SNDX;IMOEX;16.11.2023;Индекс МосБиржи;Индекс МосБиржи;3189,08;3209,33;3215,93;3184,97;38042327236;0;0;2;5,56801E+12;RUB;1745961296;3;;16.11.2023;
SNDX;IMOEX;17.11.2023;Индекс МосБиржи;Индекс МосБиржи;3206,34;3172,78;3208,17;3151,95;48876695171;0;0;2;5,59814E+12;RUB;1745961296;3;;17.11.2023;
SNDX;IMOEX;20.11.2023;Индекс МосБиржи;Индекс МосБиржи;3207,36;3205,73;3216,73;3194,4;39389218372;0;0;2;5,59992E+12;RUB;1745961296;3;;20.11.2023;
SNDX;IMOEX;21.11.2023;Индекс МосБиржи;Индекс МосБиржи;3218,48;3198,73;3219,11;3193,46;43450662035;0;0;2;5,61934E+12;RUB;1745961296;3;;21.11.2023;
SNDX;IMOEX;22.11.2023;Индекс МосБиржи;Индекс МосБиржи;3230,65;3221,9;3239,17;3220,37;54706914416;0;0;2;5,64058E+12;RUB;1745961296;3;;22.11.2023;
SNDX;IMOEX;23.11.2023;Индекс МосБиржи;Индекс МосБиржи;3221,05;3233,09;3238,81;3218,72;38576759503;0;0;2;5,62383E+12;RUB;1745961296;3;;23.11.2023;
SNDX;IMOEX;24.11.2023;Индекс МосБиржи;Индекс МосБиржи;3217,76;3223,75;3231,77;3203,62;48043285164;0;0;2;5,61808E+12;RUB;1745961296;3;;24.11.2023;
SNDX;IMOEX;27.11.2023;Индекс МосБиржи;Индекс МосБиржи;3191,05;3220,25;3224,61;3178,2;71973813282;0;0;2;5,57144E+12;RUB;1745961296;3;;27.11.2023;
SNDX;IMOEX;28.11.2023;Индекс МосБиржи;Индекс МосБиржи;3196,36;3189,16;3197,61;3157,55;54632481094;0;0;2;5,58073E+12;RUB;1745961296;3;;28.11.2023;
SNDX;IMOEX;29.11.2023;Индекс МосБиржи;Индекс МосБиржи;3173,52;3196,75;3200,33;3173,37;45015233407;0;0;2;5,54084E+12;RUB;1745961296;3;;29.11.2023;
SNDX;IMOEX;30.11.2023;Индекс МосБиржи;Индекс МосБиржи;3165,79;3176,5;3176,53;3146,53;50537955024;0;0;2;5,52735E+12;RUB;1745961296;3;;30.11.2023;
SNDX;IMOEX;01.12.2023;Индекс МосБиржи;Индекс МосБиржи;3142,29;3155,87;3162,97;3136,56;40584354461;0;0;2;5,48631E+12;RUB;1745961296;3;;01.12.2023;
SNDX;IMOEX;04.12.2023;Индекс МосБиржи;Индекс МосБиржи;3114,41;3123,18;3126,55;3096,28;49061478048;0;0;2;5,43764E+12;RUB;1745961296;3;;04.12.2023;
SNDX;IMOEX;05.12.2023;Индекс МосБиржи;Индекс МосБиржи;3129,33;3102,3;3134,57;3090,31;42213609509;0;0;2;5,46369E+12;RUB;1745961296;3;;05.12.2023;
SNDX;IMOEX;06.12.2023;Индекс МосБиржи;Индекс МосБиржи;3079,5;3139,89;3146,52;3077,94;59384099104;0;0;2;5,3767E+12;RUB;1745961296;3;;06.12.2023;
SNDX;IMOEX;07.12.2023;Индекс МосБиржи;Индекс МосБиржи;3073,63;3065,93;3084,5;3041,11;60418731501;0;0;2;5,36644E+12;RUB;1745961296;3;;07.12.2023;
SNDX;IMOEX;08.12.2023;Индекс МосБиржи;Индекс МосБиржи;3079,99;3079,88;3100,22;3067,46;34691761304;0;0;2;5,37755E+12;RUB;1745961296;3;;08.12.2023;
SNDX;IMOEX;11.12.2023;Индекс МосБиржи;Индекс МосБиржи;3026,17;3081,88;3082,3;3025,74;69692755381;0;0;2;5,28357E+12;RUB;1745961296;3;;11.12.2023;
SNDX;IMOEX;12.12.2023;Индекс МосБиржи;Индекс МосБиржи;3019,89;3020,61;3046,81;2992,5;61976749445;0;0;2;5,27262E+12;RUB;1745961296;3;;12.12.2023;
SNDX;IMOEX;13.12.2023;Индекс МосБиржи;Индекс МосБиржи;3032,22;3011,99;3043,42;3002,38;33872208221;0;0;2;5,29413E+12;RUB;1745961296;3;;13.12.2023;
SNDX;IMOEX;14.12.2023;Индекс МосБиржи;Индекс МосБиржи;3008,84;3046,43;3057,08;3005,94;38101096671;0;0;2;5,25332E+12;RUB;1745961296;3;;14.12.2023;
SNDX;IMOEX;15.12.2023;Индекс МосБиржи;Индекс МосБиржи;3033,89;2959,29;3037,29;2959,29;72542573400;0;0;2;5,29706E+12;RUB;1745961296;3;;15.12.2023;
SNDX;IMOEX;18.12.2023;Индекс МосБиржи;Индекс МосБиржи;3076,26;3052,14;3090,04;3048,82;61960968092;0;0;2;5,37104E+12;RUB;1745961296;3;;18.12.2023;
SNDX;IMOEX;19.12.2023;Индекс МосБиржи;Индекс МосБиржи;3083,64;3084,12;3091,26;3066,34;50806028980;0;0;2;5,38391E+12;RUB;1745961296;3;;19.12.2023;
SNDX;IMOEX;20.12.2023;Индекс МосБиржи;Индекс МосБиржи;3104,66;3091,35;3113,92;3088,74;53334930887;0;0;2;5,42062E+12;RUB;1745961296;3;;20.12.2023;
SNDX;IMOEX;21.12.2023;Индекс МосБиржи;Индекс МосБиржи;3073,57;3093,46;3095,01;3050;58423925407;0;0;2;5,36633E+12;RUB;1745961296;3;;21.12.2023;
SNDX;IMOEX;22.12.2023;Индекс МосБиржи;Индекс МосБиржи;3092,58;3076,31;3102,75;3075,56;59800876920;0;0;2;5,47712E+12;RUB;1771049604;3;;22.12.2023;
SNDX;IMOEX;25.12.2023;Индекс МосБиржи;Индекс МосБиржи;3099,02;3095,42;3108,14;3086,89;65851286285;0;0;2;5,48853E+12;RUB;1771049604;3;;25.12.2023;
SNDX;IMOEX;26.12.2023;Индекс МосБиржи;Индекс МосБиржи;3094,72;3090,39;3098,69;3080,92;46286441431;0;0;2;5,4809E+12;RUB;1771049604;3;;26.12.2023;
SNDX;IMOEX;27.12.2023;Индекс МосБиржи;Индекс МосБиржи;3097,49;3100,99;3112,19;3097,31;50134780900;0;0;2;5,4858E+12;RUB;1771049604;3;;27.12.2023;
SNDX;IMOEX;28.12.2023;Индекс МосБиржи;Индекс МосБиржи;3101,99;3099,56;3101,99;3081,98;50308124032;0;0;2;5,49378E+12;RUB;1771049604;3;;28.12.2023;
SNDX;IMOEX;29.12.2023;Индекс МосБиржи;Индекс МосБиржи;3099,11;3092,66;3102,08;3086,26;33360963641;0;0;2;5,48867E+12;RUB;1771049604;3;;29.12.2023;
SNDX;IMOEX;03.01.2024;Индекс МосБиржи;Индекс МосБиржи;3130,23;3099,78;3132,76;3099,1;25999773752;0;0;2;5,5438E+12;RUB;1771049604;3;;03.01.2024;
SNDX;IMOEX;04.01.2024;Индекс МосБиржи;Индекс МосБиржи;3136,07;3140,66;3144,25;3133,93;22880636623;0;0;2;5,55413E+12;RUB;1771049604;3;;04.01.2024;
SNDX;IMOEX;05.01.2024;Индекс МосБиржи;Индекс МосБиржи;3136,37;3138,27;3142,8;3128,16;20822444165;0;0;2;5,55467E+12;RUB;1771049604;3;;05.01.2024;
SNDX;IMOEX;08.01.2024;Индекс МосБиржи;Индекс МосБиржи;3158,58;3140,12;3158,82;3139,37;35541931860;0;0;2;5,59401E+12;RUB;1771049604;3;;08.01.2024;
SNDX;IMOEX;09.01.2024;Индекс МосБиржи;Индекс МосБиржи;3155,55;3156,17;3158,72;3143,03;49269572379;0;0;2;5,58863E+12;RUB;1771049604;3;;09.01.2024;
SNDX;IMOEX;10.01.2024;Индекс МосБиржи;Индекс МосБиржи;3164,7;3158,35;3174,28;3156,44;42849987789;0;0;2;5,60484E+12;RUB;1771049604;3;;10.01.2024;
SNDX;IMOEX;11.01.2024;Индекс МосБиржи;Индекс МосБиржи;3181,25;3158,3;3181,25;3148,5;75731238106;0;0;2;5,63415E+12;RUB;1771049604;3;;11.01.2024;
SNDX;IMOEX;12.01.2024;Индекс МосБиржи;Индекс МосБиржи;3185,22;3182,5;3196,98;3176,09;54148316322;0;0;2;5,64118E+12;RUB;1771049604;3;;12.01.2024;
SNDX;IMOEX;15.01.2024;Индекс МосБиржи;Индекс МосБиржи;3184,88;3190,62;3200,78;3176,73;50735907185;0;0;2;5,64058E+12;RUB;1771049604;3;;15.01.2024;
SNDX;IMOEX;16.01.2024;Индекс МосБиржи;Индекс МосБиржи;3179,45;3186,77;3187,14;3162,98;50278982619;0;0;2;5,63096E+12;RUB;1771049604;3;;16.01.2024;
SNDX;IMOEX;17.01.2024;Индекс МосБиржи;Индекс МосБиржи;3185,23;3174,87;3189,26;3169,99;47074341523;0;0;2;5,6412E+12;RUB;1771049604;3;;17.01.2024;
SNDX;IMOEX;18.01.2024;Индекс МосБиржи;Индекс МосБиржи;3178,85;3188,71;3193,54;3176,72;43119055603;0;0;2;5,6299E+12;RUB;1771049604;3;;18.01.2024;
SNDX;IMOEX;19.01.2024;Индекс МосБиржи;Индекс МосБиржи;3166,37;3176,13;3179,21;3154,46;45854909734;0;0;2;5,6078E+12;RUB;1771049604;3;;19.01.2024;
SNDX;IMOEX;22.01.2024;Индекс МосБиржи;Индекс МосБиржи;3172,15;3161,44;3179,11;3157,37;42130512577;0;0;2;5,61804E+12;RUB;1771049604;3;;22.01.2024;
SNDX;IMOEX;23.01.2024;Индекс МосБиржи;Индекс МосБиржи;3175,74;3176,19;3179,75;3166,66;45044845848;0;0;2;5,6244E+12;RUB;1771049604;3;;23.01.2024;
SNDX;IMOEX;24.01.2024;Индекс МосБиржи;Индекс МосБиржи;3162,41;3176,59;3183,7;3152,96;46503277369;0;0;2;5,60079E+12;RUB;1771049604;3;;24.01.2024;
SNDX;IMOEX;25.01.2024;Индекс МосБиржи;Индекс МосБиржи;3157,74;3163,36;3166,95;3143,89;45461201947;0;0;2;5,59251E+12;RUB;1771049604;3;;25.01.2024;
SNDX;IMOEX;26.01.2024;Индекс МосБиржи;Индекс МосБиржи;3163,21;3164,55;3171,95;3157,76;45979583256;0;0;2;5,6022E+12;RUB;1771049604;3;;26.01.2024;
SNDX;IMOEX;29.01.2024;Индекс МосБиржи;Индекс МосБиржи;3176,61;3169,57;3184,15;3169,57;46667512330;0;0;2;5,62594E+12;RUB;1771049604;3;;29.01.2024;
SNDX;IMOEX;30.01.2024;Индекс МосБиржи;Индекс МосБиржи;3196,08;3181,75;3196,15;3178,82;71884614821;0;0;2;5,66041E+12;RUB;1771049604;3;;30.01.2024;
SNDX;IMOEX;31.01.2024;Индекс МосБиржи;Индекс МосБиржи;3214,19;3201,48;3219,41;3198,83;62393378068;0;0;2;5,69249E+12;RUB;1771049604;3;;31.01.2024;
SNDX;IMOEX;01.02.2024;Индекс МосБиржи;Индекс МосБиржи;3229,89;3220,43;3233,21;3220,38;56072080315;0;0;2;5,72029E+12;RUB;1771049604;3;;01.02.2024;
SNDX;IMOEX;02.02.2024;Индекс МосБиржи;Индекс МосБиржи;3226,35;3229,48;3232,35;3215;58221436624;0;0;2;5,71403E+12;RUB;1771049604;3;;02.02.2024;
SNDX;IMOEX;05.02.2024;Индекс МосБиржи;Индекс МосБиржи;3226,79;3218,91;3232,38;3218,91;79772720557;0;0;2;5,71481E+12;RUB;1771049604;3;;05.02.2024;
SNDX;IMOEX;06.02.2024;Индекс МосБиржи;Индекс МосБиржи;3238,4;3234,44;3238,4;3228,78;47381481665;0;0;2;5,73536E+12;RUB;1771049604;3;;06.02.2024;
SNDX;IMOEX;07.02.2024;Индекс МосБиржи;Индекс МосБиржи;3256,58;3240,57;3259,24;3240,16;71996364667;0;0;2;5,76757E+12;RUB;1771049604;3;;07.02.2024;
SNDX;IMOEX;08.02.2024;Индекс МосБиржи;Индекс МосБиржи;3241,81;3261,18;3266,45;3236,79;93017428633;0;0;2;5,7414E+12;RUB;1771049604;3;;08.02.2024;
SNDX;IMOEX;09.02.2024;Индекс МосБиржи;Индекс МосБиржи;3242,38;3231,3;3242,38;3219,56;49774764900;0;0;2;5,74242E+12;RUB;1771049604;3;;09.02.2024;
SNDX;IMOEX;12.02.2024;Индекс МосБиржи;Индекс МосБиржи;3248,5;3241,57;3248,5;3227,7;53148275941;0;0;2;5,75325E+12;RUB;1771049604;3;;12.02.2024;
SNDX;IMOEX;13.02.2024;Индекс МосБиржи;Индекс МосБиржи;3254,6;3250,3;3259,69;3245,02;61252409707;0;0;2;5,76406E+12;RUB;1771049604;3;;13.02.2024;
SNDX;IMOEX;14.02.2024;Индекс МосБиржи;Индекс МосБиржи;3258,14;3261,52;3267,88;3251,76;61011261937;0;0;2;5,77032E+12;RUB;1771049604;3;;14.02.2024;
SNDX;IMOEX;15.02.2024;Индекс МосБиржи;Индекс МосБиржи;3265,63;3249,78;3265,83;3238,83;59605264673;0;0;2;5,7836E+12;RUB;1771049604;3;;15.02.2024;
SNDX;IMOEX;16.02.2024;Индекс МосБиржи;Индекс МосБиржи;3242,48;3269,84;3275,23;3236,42;75952339427;0;0;2;5,74258E+12;RUB;1771049604;3;;16.02.2024;
SNDX;IMOEX;19.02.2024;Индекс МосБиржи;Индекс МосБиржи;3244,56;3247,46;3253,02;3234,1;53050781620;0;0;2;5,74627E+12;RUB;1771049604;3;;19.02.2024;
SNDX;IMOEX;20.02.2024;Индекс МосБиржи;Индекс МосБиржи;3207,49;3236,85;3237,34;3206,07;64739998499;0;0;2;5,68062E+12;RUB;1771049604;3;;20.02.2024;
SNDX;IMOEX;21.02.2024;Индекс МосБиржи;Индекс МосБиржи;3139,5;3173,01;3185,8;3135,8;1,05014E+11;0;0;2;5,56021E+12;RUB;1771049604;3;;21.02.2024;
SNDX;IMOEX;22.02.2024;Индекс МосБиржи;Индекс МосБиржи;3142,3;3152,75;3166,86;3141,88;66954855491;0;0;2;5,56517E+12;RUB;1771049604;3;;22.02.2024;
SNDX;IMOEX;26.02.2024;Индекс МосБиржи;Индекс МосБиржи;3213,17;3186,06;3213,17;3186,06;69530002768;0;0;2;5,69069E+12;RUB;1771049604;3;;26.02.2024;
SNDX;IMOEX;27.02.2024;Индекс МосБиржи;Индекс МосБиржи;3208,99;3220,26;3224,52;3203,58;55160994985;0;0;2;5,67489E+12;RUB;1768432737;3;;27.02.2024;
SNDX;IMOEX;28.02.2024;Индекс МосБиржи;Индекс МосБиржи;3227,05;3215,53;3240,29;3213,36;61902884647;0;0;2;5,70682E+12;RUB;1768432737;3;;28.02.2024;
SNDX;IMOEX;29.02.2024;Индекс МосБиржи;Индекс МосБиржи;3256,8;3233,03;3258,14;3224,09;50717302607;0;0;2;5,75944E+12;RUB;1768432737;3;;29.02.2024;
SNDX;IMOEX;01.03.2024;Индекс МосБиржи;Индекс МосБиржи;3266,66;3259;3269,28;3249,69;59649504551;0;0;2;5,77688E+12;RUB;1768432737;3;;01.03.2024;
SNDX;IMOEX;04.03.2024;Индекс МосБиржи;Индекс МосБиржи;3296,75;3278,01;3298,63;3277,85;86678820263;0;0;2;5,83009E+12;RUB;1768432737;3;;04.03.2024;
SNDX;IMOEX;05.03.2024;Индекс МосБиржи;Индекс МосБиржи;3300,89;3305,79;3312,41;3283,59;66185929582;0;0;2;5,8374E+12;RUB;1768432737;3;;05.03.2024;
SNDX;IMOEX;06.03.2024;Индекс МосБиржи;Индекс МосБиржи;3310,58;3298,86;3318,14;3289,25;49425403550;0;0;2;5,85454E+12;RUB;1768432737;3;;06.03.2024;
SNDX;IMOEX;07.03.2024;Индекс МосБиржи;Индекс МосБиржи;3315,68;3309,31;3317,73;3303,93;42342887171;0;0;2;5,86356E+12;RUB;1768432737;3;;07.03.2024;
SNDX;IMOEX;11.03.2024;Индекс МосБиржи;Индекс МосБиржи;3320,31;3329,72;3340,37;3318,9;63702584994;0;0;2;5,87174E+12;RUB;1768432737;3;;11.03.2024;
SNDX;IMOEX;12.03.2024;Индекс МосБиржи;Индекс МосБиржи;3332,6;3320,18;3335,41;3304,49;54192454895;0;0;2;5,89347E+12;RUB;1768432737;3;;12.03.2024;
SNDX;IMOEX;13.03.2024;Индекс МосБиржи;Индекс МосБиржи;3320,68;3337,56;3343,56;3317,19;60223172467;0;0;2;5,87239E+12;RUB;1768432737;3;;13.03.2024;
SNDX;IMOEX;14.03.2024;Индекс МосБиржи;Индекс МосБиржи;3297;3314,66;3318,49;3287,86;69642224630;0;0;2;5,83052E+12;RUB;1768432737;3;;14.03.2024;
SNDX;IMOEX;15.03.2024;Индекс МосБиржи;Индекс МосБиржи;3300,07;3295,15;3313,42;3292,13;49159051514;0;0;2;5,83596E+12;RUB;1768432737;3;;15.03.2024;
SNDX;IMOEX;18.03.2024;Индекс МосБиржи;Индекс МосБиржи;3296,3;3305,67;3313,05;3292;87440343639;0;0;2;5,82929E+12;RUB;1768432737;3;;18.03.2024;
SNDX;IMOEX;19.03.2024;Индекс МосБиржи;Индекс МосБиржи;3264,97;3293,93;3303,52;3254,3;1,26001E+11;0;0;2;5,77387E+12;RUB;1768432737;3;;19.03.2024;
SNDX;IMOEX;20.03.2024;Индекс МосБиржи;Индекс МосБиржи;3267,1;3268,87;3286,72;3257,72;1,37291E+11;0;0;2;5,77765E+12;RUB;1768432737;3;;20.03.2024;
SNDX;IMOEX;21.03.2024;Индекс МосБиржи;Индекс МосБиржи;3286,69;3286,75;3297,46;3259,03;1,08017E+11;0;0;2;5,81229E+12;RUB;1768432737;3;;21.03.2024;
SNDX;IMOEX;22.03.2024;Индекс МосБиржи;Индекс МосБиржи;3273,49;3289,28;3299,19;3260,39;88262062537;0;0;2;5,77546E+12;RUB;1764312999;3;;22.03.2024;
SNDX;IMOEX;25.03.2024;Индекс МосБиржи;Индекс МосБиржи;3281,63;3251,24;3281,63;3234,95;71511600962;0;0;2;5,78982E+12;RUB;1764312999;3;;25.03.2024;
SNDX;IMOEX;26.03.2024;Индекс МосБиржи;Индекс МосБиржи;3285,54;3286,2;3291;3275,8;59783293439;0;0;2;5,79671E+12;RUB;1764312999;3;;26.03.2024;
SNDX;IMOEX;27.03.2024;Индекс МосБиржи;Индекс МосБиржи;3304,09;3291,7;3304,09;3280,03;51422673944;0;0;2;5,82944E+12;RUB;1764312999;3;;27.03.2024;
SNDX;IMOEX;28.03.2024;Индекс МосБиржи;Индекс МосБиржи;3312,77;3308,26;3313,59;3301,52;61649303455;0;0;2;5,84477E+12;RUB;1764312999;3;;28.03.2024;
SNDX;IMOEX;29.03.2024;Индекс МосБиржи;Индекс МосБиржи;3332,53;3313,17;3332,53;3305,22;59294620380;0;0;2;5,87963E+12;RUB;1764312999;3;;29.03.2024;
SNDX;IMOEX;01.04.2024;Индекс МосБиржи;Индекс МосБиржи;3363,29;3343,66;3367,34;3343,66;1,01013E+11;0;0;2;5,9339E+12;RUB;1764312999;3;;01.04.2024;
SNDX;IMOEX;02.04.2024;Индекс МосБиржи;Индекс МосБиржи;3371,29;3369,32;3375,69;3357,55;80210555236;0;0;2;5,94802E+12;RUB;1764312999;3;;02.04.2024;
SNDX;IMOEX;03.04.2024;Индекс МосБиржи;Индекс МосБиржи;3395,59;3381,95;3397,33;3376,63;86023975807;0;0;2;5,99089E+12;RUB;1764312999;3;;03.04.2024;
SNDX;IMOEX;04.04.2024;Индекс МосБиржи;Индекс МосБиржи;3407,57;3399,81;3409,62;3392,06;80827897829;0;0;2;6,01201E+12;RUB;1764312999;3;;04.04.2024;
SNDX;IMOEX;05.04.2024;Индекс МосБиржи;Индекс МосБиржи;3395,37;3393,2;3401,16;3385,42;59263336534;0;0;2;5,9905E+12;RUB;1764312999;3;;05.04.2024;
SNDX;IMOEX;08.04.2024;Индекс МосБиржи;Индекс МосБиржи;3417,38;3400,82;3423,35;3400,82;72360399146;0;0;2;6,02933E+12;RUB;1764312999;3;;08.04.2024;
SNDX;IMOEX;09.04.2024;Индекс МосБиржи;Индекс МосБиржи;3414,26;3423,41;3441,18;3408,99;84388299087;0;0;2;6,02382E+12;RUB;1764312999;3;;09.04.2024;
SNDX;IMOEX;10.04.2024;Индекс МосБиржи;Индекс МосБиржи;3439,11;3424,75;3440,03;3405,46;68204100240;0;0;2;6,06766E+12;RUB;1764312999;3;;10.04.2024;
SNDX;IMOEX;11.04.2024;Индекс МосБиржи;Индекс МосБиржи;3439,53;3442,84;3455,61;3431,18;53525607759;0;0;2;6,06841E+12;RUB;1764312999;3;;11.04.2024;
SNDX;IMOEX;12.04.2024;Индекс МосБиржи;Индекс МосБиржи;3456,24;3448,6;3464;3446,79;63944927460;0;0;2;6,09789E+12;RUB;1764312999;3;;12.04.2024;
SNDX;IMOEX;15.04.2024;Индекс МосБиржи;Индекс МосБиржи;3472,19;3456,38;3476,98;3454,06;74215544276;0;0;2;6,12603E+12;RUB;1764312999;3;;15.04.2024;
SNDX;IMOEX;16.04.2024;Индекс МосБиржи;Индекс МосБиржи;3462,94;3478,02;3479,04;3459,45;66353162008;0;0;2;6,10972E+12;RUB;1764312999;3;;16.04.2024;
SNDX;IMOEX;17.04.2024;Индекс МосБиржи;Индекс МосБиржи;3454,07;3469,57;3476,72;3443,07;67369551424;0;0;2;6,09406E+12;RUB;1764312999;3;;17.04.2024;
SNDX;IMOEX;18.04.2024;Индекс МосБиржи;Индекс МосБиржи;3455,82;3451,37;3457,46;3436,95;56908603958;0;0;2;6,09715E+12;RUB;1764312999;3;;18.04.2024;
SNDX;IMOEX;19.04.2024;Индекс МосБиржи;Индекс МосБиржи;3470,88;3458,86;3475,13;3451,48;54079516424;0;0;2;6,12372E+12;RUB;1764312999;3;;19.04.2024;
SNDX;IMOEX;22.04.2024;Индекс МосБиржи;Индекс МосБиржи;3479,17;3468,09;3480,21;3460,58;82859286927;0;0;2;6,13835E+12;RUB;1764312999;3;;22.04.2024;
SNDX;IMOEX;23.04.2024;Индекс МосБиржи;Индекс МосБиржи;3439,42;3483,26;3487,55;3436,83;97852906260;0;0;2;6,06821E+12;RUB;1764312999;3;;23.04.2024;
SNDX;IMOEX;24.04.2024;Индекс МосБиржи;Индекс МосБиржи;3428,93;3438,45;3445,67;3423,17;59540956724;0;0;2;6,04971E+12;RUB;1764312999;3;;24.04.2024;
SNDX;IMOEX;25.04.2024;Индекс МосБиржи;Индекс МосБиржи;3439,76;3429,62;3443,74;3427,02;47461288356;0;0;2;6,06881E+12;RUB;1764312999;3;;25.04.2024;
SNDX;IMOEX;26.04.2024;Индекс МосБиржи;Индекс МосБиржи;3449,77;3446,39;3459,12;3438,06;52160044317;0;0;2;6,08647E+12;RUB;1764312999;3;;26.04.2024;
SNDX;IMOEX;27.04.2024;Индекс МосБиржи;Индекс МосБиржи;3465,85;3453,63;3467,23;3453,4;49604766720;0;0;2;6,11485E+12;RUB;1764312999;3;;27.04.2024;
SNDX;IMOEX;29.04.2024;Индекс МосБиржи;Индекс МосБиржи;3478,08;3468,92;3480,47;3467,25;31730535756;0;0;2;6,13642E+12;RUB;1764312999;3;;29.04.2024;
SNDX;IMOEX;30.04.2024;Индекс МосБиржи;Индекс МосБиржи;3469,83;3481,29;3486,3;3464,86;25464035843;0;0;2;6,12187E+12;RUB;1764312999;3;;30.04.2024;
SNDX;IMOEX;02.05.2024;Индекс МосБиржи;Индекс МосБиржи;3442,83;3470,87;3477,42;3439,58;56777352917;0;0;2;6,07422E+12;RUB;1764312999;3;;02.05.2024;
SNDX;IMOEX;03.05.2024;Индекс МосБиржи;Индекс МосБиржи;3441,77;3443,49;3450,43;3424,63;49713350093;0;0;2;6,07237E+12;RUB;1764312999;3;;03.05.2024;
SNDX;IMOEX;06.05.2024;Индекс МосБиржи;Индекс МосБиржи;3436,05;3441,7;3444,11;3418,47;68474003787;0;0;2;6,06227E+12;RUB;1764312999;3;;06.05.2024;
SNDX;IMOEX;07.05.2024;Индекс МосБиржи;Индекс МосБиржи;3427,61;3405,82;3428,37;3405,82;62217301713;0;0;2;6,04737E+12;RUB;1764312999;3;;07.05.2024;
SNDX;IMOEX;08.05.2024;Индекс МосБиржи;Индекс МосБиржи;3432,54;3431,84;3438,75;3430,1;50959000936;0;0;2;6,05608E+12;RUB;1764312999;3;;08.05.2024;
SNDX;IMOEX;10.05.2024;Индекс МосБиржи;Индекс МосБиржи;3449,78;3438,5;3452,33;3438,5;30875827114;0;0;2;6,08649E+12;RUB;1764312999;3;;10.05.2024;
SNDX;IMOEX;13.05.2024;Индекс МосБиржи;Индекс МосБиржи;3457,11;3459,05;3465,62;3448,5;62379274951;0;0;2;6,09943E+12;RUB;1764312999;3;;13.05.2024;
SNDX;IMOEX;14.05.2024;Индекс МосБиржи;Индекс МосБиржи;3463,93;3465,83;3468,28;3457,31;60647234066;0;0;2;6,11146E+12;RUB;1764312999;3;;14.05.2024;
SNDX;IMOEX;15.05.2024;Индекс МосБиржи;Индекс МосБиржи;3470,72;3466,35;3476,49;3462,86;88168220629;0;0;2;6,12343E+12;RUB;1764312999;3;;15.05.2024;
SNDX;IMOEX;16.05.2024;Индекс МосБиржи;Индекс МосБиржи;3486,26;3480,48;3490,77;3477,85;64512839673;0;0;2;6,15086E+12;RUB;1764312999;3;;16.05.2024;
SNDX;IMOEX;17.05.2024;Индекс МосБиржи;Индекс МосБиржи;3501,89;3495,25;3506,91;3490,17;67229233018;0;0;2;6,17842E+12;RUB;1764312999;3;;17.05.2024;
SNDX;IMOEX;20.05.2024;Индекс МосБиржи;Индекс МосБиржи;3468,09;3516,4;3521,72;3468,09;78261180618;0;0;2;6,1188E+12;RUB;1764312999;3;;20.05.2024;
SNDX;IMOEX;21.05.2024;Индекс МосБиржи;Индекс МосБиржи;3428,38;3447,25;3460,19;3409,92;90881736071;0;0;2;6,04873E+12;RUB;1764312999;3;;21.05.2024;
SNDX;IMOEX;22.05.2024;Индекс МосБиржи;Индекс МосБиржи;3444,64;3433,36;3449,43;3433,36;54366679137;0;0;2;6,07743E+12;RUB;1764312999;3;;22.05.2024;
SNDX;IMOEX;23.05.2024;Индекс МосБиржи;Индекс МосБиржи;3442,79;3436,81;3444,79;3407,41;76066732377;0;0;2;6,07416E+12;RUB;1764312999;3;;23.05.2024;
SNDX;IMOEX;24.05.2024;Индекс МосБиржи;Индекс МосБиржи;3396,5;3438,65;3442,36;3377,64;83826261456;0;0;2;5,99248E+12;RUB;1764312999;3;;24.05.2024;
SNDX;IMOEX;27.05.2024;Индекс МосБиржи;Индекс МосБиржи;3299,22;3384,74;3392,99;3298,21;1,07527E+11;0;0;2;5,82085E+12;RUB;1764312999;3;;27.05.2024;
SNDX;IMOEX;28.05.2024;Индекс МосБиржи;Индекс МосБиржи;3302,91;3305,11;3347,85;3277,48;75451014222;0;0;2;5,82737E+12;RUB;1764312999;3;;28.05.2024;
SNDX;IMOEX;29.05.2024;Индекс МосБиржи;Индекс МосБиржи;3318,03;3307,76;3323,08;3284,14;63583189080;0;0;2;5,85404E+12;RUB;1764312999;3;;29.05.2024;
SNDX;IMOEX;30.05.2024;Индекс МосБиржи;Индекс МосБиржи;3282,18;3332,77;3342,59;3275,54;52811203262;0;0;2;5,79079E+12;RUB;1764312999;3;;30.05.2024;
SNDX;IMOEX;31.05.2024;Индекс МосБиржи;Индекс МосБиржи;3217,19;3258,52;3270,01;3211,19;74789122409;0;0;2;5,67614E+12;RUB;1764312999;3;;31.05.2024;
SNDX;IMOEX;03.06.2024;Индекс МосБиржи;Индекс МосБиржи;3141,42;3192,3;3217,36;3087,99;1,34863E+11;0;0;2;5,54244E+12;RUB;1764312999;3;;03.06.2024;
SNDX;IMOEX;04.06.2024;Индекс МосБиржи;Индекс МосБиржи;3186,93;3160,01;3201,53;3138,25;76984017380;0;0;2;5,62274E+12;RUB;1764312999;3;;04.06.2024;
SNDX;IMOEX;05.06.2024;Индекс МосБиржи;Индекс МосБиржи;3212,24;3217,63;3237,53;3194,73;75207250055;0;0;2;5,6674E+12;RUB;1764312999;3;;05.06.2024;
SNDX;IMOEX;06.06.2024;Индекс МосБиржи;Индекс МосБиржи;3192,38;3206,74;3215,99;3178,21;46866503991;0;0;2;5,63236E+12;RUB;1764312999;3;;06.06.2024;
SNDX;IMOEX;07.06.2024;Индекс МосБиржи;Индекс МосБиржи;3233,22;3199,75;3268,89;3193,57;91086045034;0;0;2;5,70441E+12;RUB;1764312999;3;;07.06.2024;
SNDX;IMOEX;10.06.2024;Индекс МосБиржи;Индекс МосБиржи;3180,94;3245,4;3255,49;3180,21;69816938309;0;0;2;5,61217E+12;RUB;1764312999;3;;10.06.2024;
SNDX;IMOEX;11.06.2024;Индекс МосБиржи;Индекс МосБиржи;3171,1;3178,71;3191,27;3148,22;71342883848;0;0;2;5,59482E+12;RUB;1764312999;3;;11.06.2024;
SNDX;IMOEX;13.06.2024;Индекс МосБиржи;Индекс МосБиржи;3171,69;3050,03;3178,01;3032,05;99225234410;0;0;2;5,59585E+12;RUB;1764312999;3;;13.06.2024;
SNDX;IMOEX;14.06.2024;Индекс МосБиржи;Индекс МосБиржи;3215,91;3171,78;3219,65;3160,17;61274525936;0;0;2;5,67387E+12;RUB;1764312999;3;;14.06.2024;
SNDX;IMOEX;17.06.2024;Индекс МосБиржи;Индекс МосБиржи;3183,68;3219,29;3221,84;3183,68;53695026326;0;0;2;5,61701E+12;RUB;1764312999;3;;17.06.2024;
SNDX;IMOEX;18.06.2024;Индекс МосБиржи;Индекс МосБиржи;3114,15;3171,38;3176,01;3109,09;64497869312;0;0;2;5,49434E+12;RUB;1764312999;3;;18.06.2024;
SNDX;IMOEX;19.06.2024;Индекс МосБиржи;Индекс МосБиржи;3027,47;3104,22;3107,39;3015,84;96431284649;0;0;2;5,34141E+12;RUB;1764312999;3;;19.06.2024;
SNDX;IMOEX;20.06.2024;Индекс МосБиржи;Индекс МосБиржи;3123,43;3034,39;3123,43;2996,44;1,78668E+11;0;0;2;5,5107E+12;RUB;1764312999;3;;20.06.2024;
SNDX;IMOEX;21.06.2024;Индекс МосБиржи;Индекс МосБиржи;3114,35;3126,25;3141,25;3096,63;57321266628;0;0;2;5,73342E+12;RUB;1840968793;3;;21.06.2024;
SNDX;IMOEX;24.06.2024;Индекс МосБиржи;Индекс МосБиржи;3098,05;3109,22;3127,64;3092,83;53508936466;0;0;2;5,70342E+12;RUB;1840968793;3;;24.06.2024;
SNDX;IMOEX;25.06.2024;Индекс МосБиржи;Индекс МосБиржи;3111,39;3097,98;3112,82;3074,51;48098553363;0;0;2;5,72797E+12;RUB;1840968793;3;;25.06.2024;
SNDX;IMOEX;26.06.2024;Индекс МосБиржи;Индекс МосБиржи;3151,7;3129,01;3156,02;3127,65;61467099537;0;0;2;5,80218E+12;RUB;1840968793;3;;26.06.2024;
SNDX;IMOEX;27.06.2024;Индекс МосБиржи;Индекс МосБиржи;3150,32;3154,58;3158,4;3122,08;57459869445;0;0;2;5,79964E+12;RUB;1840968793;3;;27.06.2024;
SNDX;IMOEX;28.06.2024;Индекс МосБиржи;Индекс МосБиржи;3154,36;3150,22;3165,31;3141,37;49111799880;0;0;2;5,80707E+12;RUB;1840968793;3;;28.06.2024;
SNDX;IMOEX;01.07.2024;Индекс МосБиржи;Индекс МосБиржи;3186,19;3160,7;3186,76;3153,93;52689785699;0;0;2;5,86567E+12;RUB;1840968793;3;;01.07.2024;
SNDX;IMOEX;02.07.2024;Индекс МосБиржи;Индекс МосБиржи;3217,29;3199,03;3221,5;3190,18;64108022119;0;0;2;5,92292E+12;RUB;1840968793;3;;02.07.2024;
SNDX;IMOEX;03.07.2024;Индекс МосБиржи;Индекс МосБиржи;3203,07;3219,11;3226,16;3196,31;66528489247;0;0;2;5,89675E+12;RUB;1840968793;3;;03.07.2024;
SNDX;IMOEX;04.07.2024;Индекс МосБиржи;Индекс МосБиржи;3133,81;3190,58;3195,67;3123,92;67804642568;0;0;2;5,76926E+12;RUB;1840968793;3;;04.07.2024;
SNDX;IMOEX;05.07.2024;Индекс МосБиржи;Индекс МосБиржи;3149,29;3131,87;3158,83;3103,49;78455302897;0;0;2;5,79775E+12;RUB;1840968793;3;;05.07.2024;
SNDX;IMOEX;08.07.2024;Индекс МосБиржи;Индекс МосБиржи;3132,58;3159,18;3174,42;3122,91;57833893115;0;0;2;5,76698E+12;RUB;1840968793;3;;08.07.2024;
SNDX;IMOEX;09.07.2024;Индекс МосБиржи;Индекс МосБиржи;3054,07;3123,91;3124,74;3050,05;82095715825;0;0;2;5,62245E+12;RUB;1840968793;3;;09.07.2024;
SNDX;IMOEX;10.07.2024;Индекс МосБиржи;Индекс МосБиржи;2975,75;3044,66;3056,98;2967,45;1,04732E+11;0;0;2;5,47826E+12;RUB;1840968793;3;;10.07.2024;
SNDX;IMOEX;11.07.2024;Индекс МосБиржи;Индекс МосБиржи;2992,21;2908,02;2996,34;2901,61;1,24876E+11;0;0;2;5,50856E+12;RUB;1840968793;3;;11.07.2024;
SNDX;IMOEX;12.07.2024;Индекс МосБиржи;Индекс МосБиржи;2973,21;3004,64;3022;2957,91;71455309280;0;0;2;5,47359E+12;RUB;1840968793;3;;12.07.2024;
SNDX;IMOEX;15.07.2024;Индекс МосБиржи;Индекс МосБиржи;2913,48;2986,32;2994,45;2910,48;81299673296;0;0;2;5,36363E+12;RUB;1840968793;3;;15.07.2024;
SNDX;IMOEX;16.07.2024;Индекс МосБиржи;Индекс МосБиржи;2944,86;2914;2962,11;2879,23;1,05077E+11;0;0;2;5,4214E+12;RUB;1840968793;3;;16.07.2024;
SNDX;IMOEX;17.07.2024;Индекс МосБиржи;Индекс МосБиржи;2947,24;2963,21;2984,15;2938,47;76001368592;0;0;2;5,42578E+12;RUB;1840968793;3;;17.07.2024;
SNDX;IMOEX;18.07.2024;Индекс МосБиржи;Индекс МосБиржи;2980,62;2922,77;2980,62;2908,07;72509100457;0;0;2;5,48722E+12;RUB;1840968793;3;;18.07.2024;
SNDX;IMOEX;19.07.2024;Индекс МосБиржи;Индекс МосБиржи;3008,24;2988,27;3024,88;2974,62;76586341502;0;0;2;5,53807E+12;RUB;1840968793;3;;19.07.2024;
SNDX;IMOEX;22.07.2024;Индекс МосБиржи;Индекс МосБиржи;3024,54;3023,1;3042,14;3010,15;67161764470;0;0;2;5,56808E+12;RUB;1840968793;3;;22.07.2024;
SNDX;IMOEX;23.07.2024;Индекс МосБиржи;Индекс МосБиржи;3028,01;3032,53;3033,18;3003,69;49765369488;0;0;2;5,57447E+12;RUB;1840968793;3;;23.07.2024;
SNDX;IMOEX;24.07.2024;Индекс МосБиржи;Индекс МосБиржи;3051,76;3029,12;3054,34;3015,78;54541834248;0;0;2;5,61819E+12;RUB;1840968793;3;;24.07.2024;
SNDX;IMOEX;25.07.2024;Индекс МосБиржи;Индекс МосБиржи;3041,37;3044,6;3045,7;3019,61;45402898687;0;0;2;5,59907E+12;RUB;1840968793;3;;25.07.2024;
SNDX;IMOEX;26.07.2024;Индекс МосБиржи;Индекс МосБиржи;2993,23;3034,31;3060,68;2972,53;1,17296E+11;0;0;2;5,51043E+12;RUB;1840968793;3;;26.07.2024;
SNDX;IMOEX;29.07.2024;Индекс МосБиржи;Индекс МосБиржи;2906,95;2979,43;2979,43;2906,95;80012163595;0;0;2;5,3516E+12;RUB;1840968793;3;;29.07.2024;
SNDX;IMOEX;30.07.2024;Индекс МосБиржи;Индекс МосБиржи;2944,78;2906,66;2951,66;2895,25;72640227262;0;0;2;5,42125E+12;RUB;1840968793;3;;30.07.2024;
SNDX;IMOEX;31.07.2024;Индекс МосБиржи;Индекс МосБиржи;2942,68;2952,19;2961,7;2927,05;54526753602;0;0;2;5,41738E+12;RUB;1840968793;3;;31.07.2024;
SNDX;IMOEX;01.08.2024;Индекс МосБиржи;Индекс МосБиржи;2935,69;2950,86;2966,66;2935,69;38981478051;0;0;2;5,40452E+12;RUB;1840968793;3;;01.08.2024;
SNDX;IMOEX;02.08.2024;Индекс МосБиржи;Индекс МосБиржи;2899;2927,77;2932,16;2887,3;51177304096;0;0;2;5,33696E+12;RUB;1840968793;3;;02.08.2024;
SNDX;IMOEX;05.08.2024;Индекс МосБиржи;Индекс МосБиржи;2828,72;2859,12;2868,46;2807,05;94554388276;0;0;2;5,20758E+12;RUB;1840968793;3;;05.08.2024;
SNDX;IMOEX;06.08.2024;Индекс МосБиржи;Индекс МосБиржи;2830,75;2839,41;2863,45;2814,15;56190154161;0;0;2;5,21133E+12;RUB;1840968793;3;;06.08.2024;
SNDX;IMOEX;07.08.2024;Индекс МосБиржи;Индекс МосБиржи;2874,94;2840,21;2875,45;2803,47;72944968966;0;0;2;5,29268E+12;RUB;1840968793;3;;07.08.2024;
SNDX;IMOEX;08.08.2024;Индекс МосБиржи;Индекс МосБиржи;2852,51;2877,8;2888,1;2846,93;50925758474;0;0;2;5,25138E+12;RUB;1840968793;3;;08.08.2024;
SNDX;IMOEX;09.08.2024;Индекс МосБиржи;Индекс МосБиржи;2848,29;2841,82;2867,29;2829,72;34210258007;0;0;2;5,24362E+12;RUB;1840968793;3;;09.08.2024;
SNDX;IMOEX;12.08.2024;Индекс МосБиржи;Индекс МосБиржи;2844,77;2840,33;2858,96;2814,58;52648616171;0;0;2;5,23713E+12;RUB;1840968793;3;;12.08.2024;
SNDX;IMOEX;13.08.2024;Индекс МосБиржи;Индекс МосБиржи;2884,6;2858,93;2895,28;2858,93;53550433183;0;0;2;5,31046E+12;RUB;1840968793;3;;13.08.2024;
SNDX;IMOEX;14.08.2024;Индекс МосБиржи;Индекс МосБиржи;2871,11;2894,3;2908,63;2867,64;55379302091;0;0;2;5,28562E+12;RUB;1840968793;3;;14.08.2024;
SNDX;IMOEX;15.08.2024;Индекс МосБиржи;Индекс МосБиржи;2838,11;2865,45;2868,24;2835,69;42770537783;0;0;2;5,22487E+12;RUB;1840968793;3;;15.08.2024;
SNDX;IMOEX;16.08.2024;Индекс МосБиржи;Индекс МосБиржи;2828,2;2838,78;2847,32;2825,12;35419838940;0;0;2;5,20662E+12;RUB;1840968793;3;;16.08.2024;
SNDX;IMOEX;19.08.2024;Индекс МосБиржи;Индекс МосБиржи;2775,64;2819,72;2826,24;2775,64;65134610087;0;0;2;5,10987E+12;RUB;1840968793;3;;19.08.2024;
SNDX;IMOEX;20.08.2024;Индекс МосБиржи;Индекс МосБиржи;2768,42;2780,43;2799,85;2749,26;76630352631;0;0;2;5,09658E+12;RUB;1840968793;3;;20.08.2024;
SNDX;IMOEX;21.08.2024;Индекс МосБиржи;Индекс МосБиржи;2768,14;2771,15;2783,44;2744,51;73178443981;0;0;2;5,09607E+12;RUB;1840968793;3;;21.08.2024;
SNDX;IMOEX;22.08.2024;Индекс МосБиржи;Индекс МосБиржи;2725,75;2774,49;2786,76;2725,47;92476656421;0;0;2;5,01801E+12;RUB;1840968793;3;;22.08.2024;
SNDX;IMOEX;23.08.2024;Индекс МосБиржи;Индекс МосБиржи;2662,47;2718,11;2729,27;2650,19;1,10197E+11;0;0;2;4,90152E+12;RUB;1840968793;3;;23.08.2024;
SNDX;IMOEX;26.08.2024;Индекс МосБиржи;Индекс МосБиржи;2763,75;2746,97;2795,47;2726,98;99653396406;0;0;2;5,08797E+12;RUB;1840968793;3;;26.08.2024;
SNDX;IMOEX;27.08.2024;Индекс МосБиржи;Индекс МосБиржи;2730,38;2784,24;2800;2726,48;73047883312;0;0;2;5,02655E+12;RUB;1840968793;3;;27.08.2024;
SNDX;IMOEX;28.08.2024;Индекс МосБиржи;Индекс МосБиржи;2699,98;2729,72;2729,72;2664,3;94586429600;0;0;2;4,97057E+12;RUB;1840968793;3;;28.08.2024;
SNDX;IMOEX;29.08.2024;Индекс МосБиржи;Индекс МосБиржи;2708,27;2714,44;2723,5;2679,43;85021074136;0;0;2;4,98583E+12;RUB;1840968793;3;;29.08.2024;
SNDX;IMOEX;30.08.2024;Индекс МосБиржи;Индекс МосБиржи;2650,32;2717,68;2724,53;2641,08;84958860159;0;0;2;4,87915E+12;RUB;1840968793;3;;30.08.2024;
SNDX;IMOEX;02.09.2024;Индекс МосБиржи;Индекс МосБиржи;2545,07;2622,55;2627,58;2540,49;1,08327E+11;0;0;2;4,68539E+12;RUB;1840968793;3;;02.09.2024;
SNDX;IMOEX;03.09.2024;Индекс МосБиржи;Индекс МосБиржи;2524,38;2552,32;2603,01;2512,7;1,17741E+11;0;0;2;4,64731E+12;RUB;1840968793;3;;03.09.2024;
SNDX;IMOEX;04.09.2024;Индекс МосБиржи;Индекс МосБиржи;2605,15;2539,4;2605,15;2534,21;76906287998;0;0;2;4,79599E+12;RUB;1840968793;3;;04.09.2024;
SNDX;IMOEX;05.09.2024;Индекс МосБиржи;Индекс МосБиржи;2621,62;2631,33;2662;2607,52;94482305834;0;0;2;4,82632E+12;RUB;1840968793;3;;05.09.2024;
SNDX;IMOEX;06.09.2024;Индекс МосБиржи;Индекс МосБиржи;2623,37;2619,23;2648,38;2604,67;59440728925;0;0;2;4,82954E+12;RUB;1840968793;3;;06.09.2024;
SNDX;IMOEX;09.09.2024;Индекс МосБиржи;Индекс МосБиржи;2703,17;2642,31;2703,58;2642,31;71836158678;0;0;2;4,97645E+12;RUB;1840968793;3;;09.09.2024;
SNDX;IMOEX;10.09.2024;Индекс МосБиржи;Индекс МосБиржи;2671,38;2722,13;2729,73;2667,06;68662304754;0;0;2;4,91792E+12;RUB;1840968793;3;;10.09.2024;
SNDX;IMOEX;11.09.2024;Индекс МосБиржи;Индекс МосБиржи;2668,03;2675,16;2690,58;2657,77;44925881233;0;0;2;4,91177E+12;RUB;1840968793;3;;11.09.2024;
SNDX;IMOEX;12.09.2024;Индекс МосБиржи;Индекс МосБиржи;2615;2656,31;2656,31;2603,81;63903593630;0;0;2;4,81413E+12;RUB;1840968793;3;;12.09.2024;
SNDX;IMOEX;13.09.2024;Индекс МосБиржи;Индекс МосБиржи;2678,99;2629,31;2682,16;2582,79;1,22002E+11;0;0;2;4,93193E+12;RUB;1840968793;3;;13.09.2024;
SNDX;IMOEX;16.09.2024;Индекс МосБиржи;Индекс МосБиржи;2744,2;2696,66;2746,11;2685,38;83013075200;0;0;2;5,05199E+12;RUB;1840968793;3;;16.09.2024;
SNDX;IMOEX;17.09.2024;Индекс МосБиржи;Индекс МосБиржи;2774,04;2753,2;2780,24;2726,91;79582960418;0;0;2;5,10692E+12;RUB;1840968793;3;;17.09.2024;
SNDX;IMOEX;18.09.2024;Индекс МосБиржи;Индекс МосБиржи;2751,73;2776,38;2784,15;2742,48;69307069307;0;0;2;5,06585E+12;RUB;1840968793;3;;18.09.2024;
SNDX;IMOEX;19.09.2024;Индекс МосБиржи;Индекс МосБиржи;2758,91;2746,41;2777,93;2735,67;70338853741;0;0;2;5,07907E+12;RUB;1840968793;3;;19.09.2024;
SNDX;IMOEX;20.09.2024;Индекс МосБиржи;Индекс МосБиржи;2782,35;2760,12;2795,72;2760,12;60484298739;0;0;2;5,51143E+12;RUB;1980854948;3;;20.09.2024;
SNDX;IMOEX;23.09.2024;Индекс МосБиржи;Индекс МосБиржи;2819,87;2797;2832,22;2797;82240145602;0;0;2;5,58576E+12;RUB;1980854948;3;;23.09.2024;
SNDX;IMOEX;24.09.2024;Индекс МосБиржи;Индекс МосБиржи;2871,96;2849;2871,96;2822,19;1,13461E+11;0;0;2;5,68893E+12;RUB;1980854948;3;;24.09.2024;
SNDX;IMOEX;25.09.2024;Индекс МосБиржи;Индекс МосБиржи;2830,11;2878,59;2887,68;2829,75;1,09827E+11;0;0;2;5,60604E+12;RUB;1980854948;3;;25.09.2024;
SNDX;IMOEX;26.09.2024;Индекс МосБиржи;Индекс МосБиржи;2829,65;2819,74;2847,78;2807,3;85196945380;0;0;2;5,60514E+12;RUB;1980854948;3;;26.09.2024;
SNDX;IMOEX;27.09.2024;Индекс МосБиржи;Индекс МосБиржи;2858,56;2838,11;2861,95;2826,89;59513508935;0;0;2;5,66238E+12;RUB;1980854948;3;;27.09.2024;
SNDX;IMOEX;30.09.2024;Индекс МосБиржи;Индекс МосБиржи;2857,56;2861,37;2889,87;2841,3;95737568417;0;0;2;5,6604E+12;RUB;1980854948;3;;30.09.2024;
SNDX;IMOEX;01.10.2024;Индекс МосБиржи;Индекс МосБиржи;2814,19;2831,17;2837,42;2792,21;98224295180;0;0;2;5,57449E+12;RUB;1980854948;3;;01.10.2024;
SNDX;IMOEX;02.10.2024;Индекс МосБиржи;Индекс МосБиржи;2766,79;2823,42;2838,77;2766,79;84560332900;0;0;2;5,48062E+12;RUB;1980854948;3;;02.10.2024;
SNDX;IMOEX;03.10.2024;Индекс МосБиржи;Индекс МосБиржи;2782,39;2767,51;2790,98;2739,92;87671468723;0;0;2;5,51152E+12;RUB;1980854948;3;;03.10.2024;
SNDX;IMOEX;04.10.2024;Индекс МосБиржи;Индекс МосБиржи;2804,62;2799,96;2818,12;2789,94;56229804004;0;0;2;5,55555E+12;RUB;1980854948;3;;04.10.2024;
SNDX;IMOEX;07.10.2024;Индекс МосБиржи;Индекс МосБиржи;2793,84;2807,85;2817,45;2779,34;54269115201;0;0;2;5,53419E+12;RUB;1980854948;3;;07.10.2024;
SNDX;IMOEX;08.10.2024;Индекс МосБиржи;Индекс МосБиржи;2788,37;2786,58;2799,3;2774,74;51851658333;0;0;2;5,52335E+12;RUB;1980854948;3;;08.10.2024;
SNDX;IMOEX;09.10.2024;Индекс МосБиржи;Индекс МосБиржи;2748,81;2787,38;2790,14;2748,81;57169478963;0;0;2;5,445E+12;RUB;1980854948;3;;09.10.2024;
SNDX;IMOEX;10.10.2024;Индекс МосБиржи;Индекс МосБиржи;2761,54;2754,16;2775,86;2752,24;46545077193;0;0;2;5,47022E+12;RUB;1980854948;3;;10.10.2024;
SNDX;IMOEX;11.10.2024;Индекс МосБиржи;Индекс МосБиржи;2754,52;2758,11;2763;2737,96;47511181068;0;0;2;5,4563E+12;RUB;1980854948;3;;11.10.2024;
SNDX;IMOEX;14.10.2024;Индекс МосБиржи;Индекс МосБиржи;2773,36;2744,93;2788,18;2723,3;79902621807;0;0;2;5,47795E+12;RUB;1975206623;3;;14.10.2024;
SNDX;IMOEX;15.10.2024;Индекс МосБиржи;Индекс МосБиржи;2805,79;2774,56;2810,13;2766,79;58693120361;0;0;2;5,54201E+12;RUB;1975206623;3;;15.10.2024;
SNDX;IMOEX;16.10.2024;Индекс МосБиржи;Индекс МосБиржи;2783,46;2805,98;2827,15;2781,28;64909278304;0;0;2;5,49792E+12;RUB;1975206623;3;;16.10.2024;
SNDX;IMOEX;17.10.2024;Индекс МосБиржи;Индекс МосБиржи;2763,53;2786,82;2795,14;2763,53;50966828618;0;0;2;5,45853E+12;RUB;1975206623;3;;17.10.2024;
SNDX;IMOEX;18.10.2024;Индекс МосБиржи;Индекс МосБиржи;2751,9;2756,3;2770,45;2744,36;51860633641;0;0;2;5,43558E+12;RUB;1975206623;3;;18.10.2024;
SNDX;IMOEX;21.10.2024;Индекс МосБиржи;Индекс МосБиржи;2767,71;2759,58;2779,73;2759,58;56778263660;0;0;2;5,4668E+12;RUB;1975206623;3;;21.10.2024;
SNDX;IMOEX;22.10.2024;Индекс МосБиржи;Индекс МосБиржи;2755,19;2772,23;2783,82;2754,08;51686245339;0;0;2;5,44206E+12;RUB;1975206623;3;;22.10.2024;
SNDX;IMOEX;23.10.2024;Индекс МосБиржи;Индекс МосБиржи;2734,93;2749,53;2755,22;2730,49;58973318265;0;0;2;5,40205E+12;RUB;1975206623;3;;23.10.2024;
SNDX;IMOEX;24.10.2024;Индекс МосБиржи;Индекс МосБиржи;2718,42;2723,04;2730,58;2690,83;59473925689;0;0;2;5,36945E+12;RUB;1975206623;3;;24.10.2024;
SNDX;IMOEX;25.10.2024;Индекс МосБиржи;Индекс МосБиржи;2660,36;2723,01;2751,23;2657,31;1,22703E+11;0;0;2;5,25476E+12;RUB;1975206623;3;;25.10.2024;
SNDX;IMOEX;28.10.2024;Индекс МосБиржи;Индекс МосБиржи;2575,06;2635,95;2652,12;2570,2;1,07754E+11;0;0;2;5,08627E+12;RUB;1975206623;3;;28.10.2024;
SNDX;IMOEX;29.10.2024;Индекс МосБиржи;Индекс МосБиржи;2599,66;2582,29;2612,94;2557,65;84296601421;0;0;2;5,13486E+12;RUB;1975206623;3;;29.10.2024;
SNDX;IMOEX;30.10.2024;Индекс МосБиржи;Индекс МосБиржи;2615,38;2608,5;2631,8;2592,15;63201741081;0;0;2;5,16591E+12;RUB;1975206623;3;;30.10.2024;
SNDX;IMOEX;31.10.2024;Индекс МосБиржи;Индекс МосБиржи;2560,2;2582,47;2593,11;2551,2;71471789146;0;0;2;5,05692E+12;RUB;1975206623;3;;31.10.2024;
SNDX;IMOEX;01.11.2024;Индекс МосБиржи;Индекс МосБиржи;2574,71;2562,49;2581,47;2541,82;69804796929;0;0;2;5,08559E+12;RUB;1975206623;3;;01.11.2024;
SNDX;IMOEX;02.11.2024;Индекс МосБиржи;Индекс МосБиржи;2594,38;2579,11;2603,1;2579,11;35242560105;0;0;2;5,12445E+12;RUB;1975206623;3;;02.11.2024;
SNDX;IMOEX;05.11.2024;Индекс МосБиржи;Индекс МосБиржи;2616,51;2614,13;2624,13;2600,48;47706690693;0;0;2;5,16815E+12;RUB;1975206623;3;;05.11.2024;
SNDX;IMOEX;06.11.2024;Индекс МосБиржи;Индекс МосБиржи;2662,87;2676,85;2712,29;2650,6;1,36881E+11;0;0;2;5,25973E+12;RUB;1975206623;3;;06.11.2024;
SNDX;IMOEX;07.11.2024;Индекс МосБиржи;Индекс МосБиржи;2690,63;2662,87;2693,93;2633,59;75952754512;0;0;2;5,31454E+12;RUB;1975206623;3;;07.11.2024;
SNDX;IMOEX;08.11.2024;Индекс МосБиржи;Индекс МосБиржи;2734,56;2721,64;2749,62;2713,5;91380332226;0;0;2;5,40133E+12;RUB;1975206623;3;;08.11.2024;
SNDX;IMOEX;11.11.2024;Индекс МосБиржи;Индекс МосБиржи;2785,31;2782,97;2797,94;2765,18;1,17886E+11;0;0;2;5,50157E+12;RUB;1975206623;3;;11.11.2024;
SNDX;IMOEX;12.11.2024;Индекс МосБиржи;Индекс МосБиржи;2756,76;2779,92;2779,92;2747,76;76121460720;0;0;2;5,44517E+12;RUB;1975206623;3;;12.11.2024;
SNDX;IMOEX;13.11.2024;Индекс МосБиржи;Индекс МосБиржи;2763,99;2748,61;2771,67;2740,17;72750219157;0;0;2;5,45945E+12;RUB;1975206623;3;;13.11.2024;
SNDX;IMOEX;14.11.2024;Индекс МосБиржи;Индекс МосБиржи;2697,47;2740,53;2740,53;2694,56;72939358165;0;0;2;5,32805E+12;RUB;1975206623;3;;14.11.2024;
SNDX;IMOEX;15.11.2024;Индекс МосБиржи;Индекс МосБиржи;2739,21;2703,67;2740,08;2697,44;67367423375;0;0;2;5,41051E+12;RUB;1975206623;3;;15.11.2024;
SNDX;IMOEX;18.11.2024;Индекс МосБиржи;Индекс МосБиржи;2720,77;2703,31;2729,49;2687,45;94834420304;0;0;2;5,37408E+12;RUB;1975206623;3;;18.11.2024;
SNDX;IMOEX;19.11.2024;Индекс МосБиржи;Индекс МосБиржи;2630,51;2713,73;2716,38;2623,59;1,1872E+11;0;0;2;5,1958E+12;RUB;1975206623;3;;19.11.2024;
SNDX;IMOEX;20.11.2024;Индекс МосБиржи;Индекс МосБиржи;2596,89;2640,09;2665,79;2596,06;92951735017;0;0;2;5,1294E+12;RUB;1975206623;3;;20.11.2024;
SNDX;IMOEX;21.11.2024;Индекс МосБиржи;Индекс МосБиржи;2568,6;2596,85;2606,14;2557,54;1,06854E+11;0;0;2;5,07352E+12;RUB;1975206623;3;;21.11.2024;
SNDX;IMOEX;22.11.2024;Индекс МосБиржи;Индекс МосБиржи;2581,05;2617,66;2628,5;2577;86859377531;0;0;2;5,0981E+12;RUB;1975206623;3;;22.11.2024;
SNDX;IMOEX;25.11.2024;Индекс МосБиржи;Индекс МосБиржи;2530,69;2583,42;2592,89;2517,58;90550582870;0;0;2;4,93767E+12;RUB;1951113246;3;;25.11.2024;
SNDX;IMOEX;26.11.2024;Индекс МосБиржи;Индекс МосБиржи;2464,35;2521,89;2544,83;2455,47;1,30236E+11;0;0;2;4,80822E+12;RUB;1951113246;3;;26.11.2024;
SNDX;IMOEX;27.11.2024;Индекс МосБиржи;Индекс МосБиржи;2491,88;2468,73;2512,59;2426,02;1,67847E+11;0;0;2;4,86194E+12;RUB;1951113246;3;;27.11.2024;
SNDX;IMOEX;28.11.2024;Индекс МосБиржи;Индекс МосБиржи;2547,88;2530,87;2560,55;2502;1,12724E+11;0;0;2;4,97121E+12;RUB;1951113246;3;;28.11.2024;
SNDX;IMOEX;29.11.2024;Индекс МосБиржи;Индекс МосБиржи;2578;2546,13;2581,88;2533,99;1,063E+11;0;0;2;5,02998E+12;RUB;1951113246;3;;29.11.2024;
SNDX;IMOEX;02.12.2024;Индекс МосБиржи;Индекс МосБиржи;2586,74;2584,19;2600,28;2578,52;81910300544;0;0;2;5,04702E+12;RUB;1951113246;3;;02.12.2024;
SNDX;IMOEX;03.12.2024;Индекс МосБиржи;Индекс МосБиржи;2539,64;2585,34;2588,87;2523,54;77669897357;0;0;2;4,92011E+12;RUB;1937330022;3;;03.12.2024;
SNDX;IMOEX;04.12.2024;Индекс МосБиржи;Индекс МосБиржи;2485,62;2538,24;2555,99;2482,37;86617126358;0;0;2;4,81547E+12;RUB;1937330022;3;;04.12.2024;
SNDX;IMOEX;05.12.2024;Индекс МосБиржи;Индекс МосБиржи;2510,83;2473,75;2525,45;2438,84;1,15563E+11;0;0;2;4,86431E+12;RUB;1937330022;3;;05.12.2024;
SNDX;IMOEX;06.12.2024;Индекс МосБиржи;Индекс МосБиржи;2536,23;2527,04;2552,6;2505,9;89323737028;0;0;2;4,91351E+12;RUB;1937330022;3;;06.12.2024;
SNDX;IMOEX;09.12.2024;Индекс МосБиржи;Индекс МосБиржи;2572,89;2548,08;2586,31;2543,94;73923620136;0;0;2;4,98454E+12;RUB;1937330022;3;;09.12.2024;
SNDX;IMOEX;10.12.2024;Индекс МосБиржи;Индекс МосБиржи;2522,75;2570,01;2570,01;2515,76;78006621723;0;0;2;4,88739E+12;RUB;1937330022;3;;10.12.2024;
SNDX;IMOEX;11.12.2024;Индекс МосБиржи;Индекс МосБиржи;2512,54;2514,78;2531,95;2499,82;62860892861;0;0;2;4,86761E+12;RUB;1937330022;3;;11.12.2024;
SNDX;IMOEX;12.12.2024;Индекс МосБиржи;Индекс МосБиржи;2492,63;2526,66;2548,06;2488,08;70292788307;0;0;2;4,82905E+12;RUB;1937330022;3;;12.12.2024;
SNDX;IMOEX;13.12.2024;Индекс МосБиржи;Индекс МосБиржи;2485,2;2478,78;2487,42;2466,73;57518220727;0;0;2;4,81466E+12;RUB;1937330022;3;;13.12.2024;
SNDX;IMOEX;16.12.2024;Индекс МосБиржи;Индекс МосБиржи;2420,3;2474,62;2474,62;2419,57;74593167174;0;0;2;4,68892E+12;RUB;1937330022;3;;16.12.2024;
